Title,Video_length,Video_link
JEE ADVANCED ADMIT CARD 2025: MUST-KNOW RULES to Not Get¬†Disqualified!,5:37,https://www.youtube.com/watch?v=JQ6f_7m1Qcs
Important Lessons from NEET 2025 for Future JEE/NEET¬†Aspirants!,18:57,https://www.youtube.com/watch?v=l_srV0ZI1Ws
NEET 2025 Physics Question That Shocked¬†Everyone!,33:44,https://www.youtube.com/watch?v=axSq7y_QJyM
"Should You Join IIT Madras BSc Without JEE? Pros, Cons & The Reality",32:23,https://www.youtube.com/watch?v=OK6MLFXf8Ds
"Invest 73 Min ‚Üí Boost from 90%ile to 99.9%ile | JEE 2026 Masterplan to Optimize, Prioritize & Win",1:13:11,https://www.youtube.com/watch?v=D2zmbcP4AHk
This Is How Toppers Improvise to Solve tough JEE Questions WITHOUT Full¬†Solutions!,4:59,https://www.youtube.com/watch?v=s7LA2xDc7KU
Top Colleges 2025: Which Exam Gets You In? | Full Admission Guide!,11:02,https://www.youtube.com/watch?v=7S34jS9267A
JEE Advanced Physics PYQs üî• |  Surface Tension (2024 -2006)  | IIT JEE Physics | ABJ Sir,1:36:22,https://www.youtube.com/watch?v=c95CG42QCDE
Thermo + Equilibrium in One Smart Question of JEE Advanced¬†2023,11:52,https://www.youtube.com/watch?v=xwBYnDcTCYk
JEE Advanced Physics PYQsüî• Sound Wave (2024 -2006) Must attend for Every JEE ADV Aspirant,2:00:26,https://www.youtube.com/watch?v=DTLM17doWFM
‚úÖ How to Fill JEE Advanced 2025 Form Step-by-Step | Full Registration Guide,3:36,https://www.youtube.com/watch?v=IBBXjMZpVZs&pp=0gcJCYsJAYcqIYzv
Top 10 JEE Advanced Mistakes That DESTROY Your Rank,8:23,https://www.youtube.com/watch?v=fKUKs9BeOCk
Get READY For JEE Advanced 2025 With This 25 Day MASTERPLAN,13:07,https://www.youtube.com/watch?v=oecJFIyLABA
Why Praveen Online is the Best Course for JEE 2026 Aspirants!,7:56,https://www.youtube.com/watch?v=546Ycyh3Vu8
DROP or NO DROP? The HARDEST Decision for JEE Aspirants!¬†üòì,11:45,https://www.youtube.com/watch?v=rAFIAKkILyM
üöÄ Competishun ATS 25 Launched! | Best Offline Test Series for JEE¬†Advanced¬†2025 | Better Than Mocks?,10:54,https://www.youtube.com/watch?v=_OLIptaPO6Y
JEE Advanced Physics PYQsüî• WAVE ON STRING (2024-2006) | Must attend for Every JEE ADV Aspirant,55:18,https://www.youtube.com/watch?v=PRmuj5qkTdg
Mohit Sir's STRAIGHT Talk on NTA Controversy | NDTV Interview,4:17,https://www.youtube.com/watch?v=Eb3AJAWPZ0U
JEE Advanced 2025: 2 Organic Questions That Will Test Your Real Concepts!,28:30,https://www.youtube.com/watch?v=9j-ulbl54jc
JEE Main 2025 (Session 2) EXPERT Analysis of Answer Key For HIGHER Marks,32:30,https://www.youtube.com/watch?v=cxte3rjgEAs
Don‚Äôt Just Learn ‚Äî Understand It Deeply! | Torsional Constant Derivation | Elasticity | JEE Advanced,17:37,https://www.youtube.com/watch?v=ye2LMY9hhJ4
JEE Advanced Questions That Can Be Solved Without¬†Solving!,3:07,https://www.youtube.com/watch?v=9kB0zDVCTnw
JEE Advanced 2025: Must Watch Before Your Next Mock!,1:09:01,https://www.youtube.com/watch?v=bqvtTICm5kE
This Test Series Could Be the REASON You Crack JEE Advanced 2025!,8:46,https://www.youtube.com/watch?v=oE4aDwouzeI
Choosing the Right JEE Mentor: Experienced Teachers vs Influencers ‚Äì What Really Matters?,41:50,https://www.youtube.com/watch?v=_Aaqpshz2ko
üìö Role of School in JEE Prep ‚Äì What Actually Matters?,50:04,https://www.youtube.com/watch?v=bbabS7zzWtw
Most JEE Aspirants REGRET Not Following This JEE Advanced 2025 Strategy,24:34,https://www.youtube.com/watch?v=HD6usg_l2c4
Class 12 + JEE? ü§î | Why Most Students Fail at Balancing Both | Here‚Äôs¬†the¬†Right¬†Way!,17:59,https://www.youtube.com/watch?v=3vzoA7Nz05c
"JEE 2026 & 2027: These 5 Tips Will Make Prep 10x Easier! | (First-Timers, Save Your Prep!)",16:29,https://www.youtube.com/watch?v=A_J82xQQ7XA
"Top 7 Things Every JEE 2026 Aspirant MUST Do | üß† No Excuses,¬†Only¬†Results",43:00,https://www.youtube.com/watch?v=PfbQmZGCs3M
üî•Most Repeated Twisters in JEE Chemistry! | Trickiest Questions on Coordination & Ionic Equilibrium,21:03,https://www.youtube.com/watch?v=el7vqa7bNuk
JEE 2025 & 2026 Eligibility ‚Äì Are You Really Qualified? üö® 75% Rule & Latest Update!,7:17,https://www.youtube.com/watch?v=Bc2QP8sZAAQ&pp=0gcJCYsJAYcqIYzv
‚è≥ 1 Minute Trick to Solve Any Spring Mass System¬†Question! üî•‚ö°,42:56,https://www.youtube.com/watch?v=1hu40sYW2Bs
This JEE Question SHOCKED Even the Toppers & Broke the Internet! üò± Full Explanation¬†Revealed!,1:45:54,https://www.youtube.com/watch?v=8SUREF0KADw&pp=0gcJCYsJAYcqIYzv
JEE Main 2025: Do This in the Last 12 Days | Final Reminder | ALK Sir‚Äôs Final Tip,2:05,https://www.youtube.com/watch?v=zrwertAtopA
This tricky matrix question has confused JEE aspirants for years! Can you crack it? üßê,15:25,https://www.youtube.com/watch?v=o0r0c8rv_5Y
The Best Selected Question of JEE Advanced 2020 See If You¬†Can¬†Crack¬†It! ABJ SIR,15:41,https://www.youtube.com/watch?v=xVSu1iaKyj8
üî• Watch This or Regret Later! üò±(JEE 2027) | Strategies That Actually Work | 99% Students Ignore This,1:24:02,https://www.youtube.com/watch?v=gzwNnRZnH-k
"üöÄ IIT-JEE 2026: Crack it SMART, not Hard! | Personalized 99+%ile¬†Plan |XI-XII & Early Droppers¬†Batch",1:14:55,https://www.youtube.com/watch?v=U8so5Jl1LbY
üéØ IIT JEE ‡§Æ‡•á‡§Ç Selection ‡§ö‡§æ‡§π‡§ø‡§è? | This is Your Best Offline Batch! | Real IITian Experienced Mentors,48:20,https://www.youtube.com/watch?v=FbNhTgJjsmw
How To Solve JEE Main Questions in SECONDS!,1:08,https://www.youtube.com/watch?v=uiH-DXsM6dQ
"How concept of pH is applied to mixture   polyprotic acid, Buffer solution¬†and¬†more",38:59,https://www.youtube.com/watch?v=HSXDNtCxKIA
Solve Any System of Linear Equations Instantly! üî• Rank of a Matrix,37:49,https://www.youtube.com/watch?v=ZH-gM_w9WaA
"Mastering Conceptual JEE Chemistry Questions | Carbonyl, Electrochemistry¬†&¬†More!¬†üöÄ",32:58,https://www.youtube.com/watch?v=f5Y9NUHknxA
‚úÖ Most Relevant Test Series for WBJEE & JEE Main 2025! | High-Quality at Lowest Price!,6:23,https://www.youtube.com/watch?v=-aERqGfLNoM
This JEE Puzzle Will Test Your Concepts | How One Chapter Helps Solve Another ? | JEE Smart Approach,28:18,https://www.youtube.com/watch?v=g-ZfqNd-m08
JEE 2025 : Chemistry Chapter wise Analysis,30:48,https://www.youtube.com/watch?v=lZeEHIPAJDU
Lagrange‚Äôs Mean Value Theorem (LMVT) | IIT JEE PYQ | (f(0))^2+(f'(0))^2=9 | JEE Advanced 2025 | #132,31:50,https://www.youtube.com/watch?v=UwJJDAFYr0o
JEE Main 2025: Last Chance to Fix Your Mistakes! (Important Update),3:58,https://www.youtube.com/watch?v=p-c_oZ3Mpa4
The Most Controversial Semiconductor Question in JEE Main! | 99% Students Got It Wrong,18:47,https://www.youtube.com/watch?v=cLlKVMFTNXU
üìä Physics Paper Analysis of JEE Advanced- Last 19 Years | JEE Physics Analysis | ABJ Sir,28:57,https://www.youtube.com/watch?v=Sbxbfditx58&pp=0gcJCYsJAYcqIYzv
"üî• JEE 2025: Get ‚Çπ15,096 Worth of Premium JEE Courses for FREE! | CATS Offline 2025 | Don‚Äôt Miss Out!",38:42,https://www.youtube.com/watch?v=P8upFS65G6w
JEE Main 2025 Cut-Off Prediction üî• | Will You Qualify?,5:02,https://www.youtube.com/watch?v=uLN9XUHhk-c
Expansion,3:47,https://www.youtube.com/watch?v=ETryHg2TLDo
How to Use JEE Main 2025 January Papers for April Attempt?,5:59,https://www.youtube.com/watch?v=fm_NMG5juVo
üî• JEE Main 2025 Answer Key Analysis! | Questions to Challenge for Higher Marks!,10:47,https://www.youtube.com/watch?v=a0ymC3MrXTI
‚úÖ How to CHALLENGE NTA Answer Key 2025 | JEE Main Answer Key 2025 | NS Sir,4:41,https://www.youtube.com/watch?v=n97bEveeiOA
"üèÜ Secure a Top Rank in JEE MAIN, ADVANCED & BITSAT 2025 with Our High-Performance Test Series!",5:03,https://www.youtube.com/watch?v=VbVj4DG_51k
"üöÄCrack BITSAT 2025: All You Need to Know- Cut Off, Eligibility, Exam Dates, Test Format, Scholarship",18:58,https://www.youtube.com/watch?v=G1sY5Jn5l-s&pp=0gcJCYsJAYcqIYzv
JEE 2025 Aspirants: This Mock Plan Will CHANGE Everything! | Achieve Your Top Rank FAST! üöÄ,21:27,https://www.youtube.com/watch?v=gBWOJCMrpnU
üöÄ ABC 2025: From JEE Main to Advanced ‚Äì The Perfect Plan for a Smooth Transition to IIT! üî•,1:09:08,https://www.youtube.com/watch?v=8xXfK7qdwj4
üî• Master JEE ADV 2025 with the Ultimate 40-Day Revision Plan | CATS Star: Your Rank Booster Plan,40:22,https://www.youtube.com/watch?v=6_13u_MaPWw
This 6-Step Physics Plan Will Change Your JEE Advanced 2025 Prep! üöÄ (Don‚Äôt Miss #3!) üò®,31:29,https://www.youtube.com/watch?v=03ESAVHHZgU
üî• Jan 28-29 Exam Must-Watch! | Must-Do Concepts for MAXIMUM Marks! | JEE Main 2025,8:07,https://www.youtube.com/watch?v=WdskfV71ti4&pp=0gcJCYsJAYcqIYzv
üöÄ JEE Main April 2025: Don‚Äôt Miss This Game-Changer Plan! | Beat 99% of Students with This Strategy!,37:03,https://www.youtube.com/watch?v=JuUQnBAMxYM&pp=0gcJCYsJAYcqIYzv
Stuck on These 15? ü§î | What NOT to Do for JEE Main April & Advanced 2025 Success! üéØ,26:31,https://www.youtube.com/watch?v=JKdSzBGTuLs
üò± Real Insights from 22-23 Jan JEE Papers for the 28-29 Jan Exam!,7:43,https://www.youtube.com/watch?v=dIx-_jw8naE
ü§Ø Test Your JEE Main 2025 Formula Memory with 22nd Jan Shift 1 Paper!,4:46,https://www.youtube.com/watch?v=Y2A65F1LglQ&pp=0gcJCYsJAYcqIYzv
üöÄ 25 Game-Changing Math Concepts Every JEE Aspirant Must Master Before the Exam!,22:14,https://www.youtube.com/watch?v=AChfLGri2rY
‚ùå Avoid These Exam Day Mistakes in JEE Main 2025! | Score High with Confidence | Mohit Tyagi Sir,15:00,https://www.youtube.com/watch?v=Q_14xzkImo4
JEE Main 2025 Admit Card: Explained All IMPORTANT Instructions | Documents To Carry | ABJ Sir,4:01,https://www.youtube.com/watch?v=fxicJJTvvy4
üî• JEE Main 2025: How to Change the Game in the Remaining Days! | Score 99%ile in Just 6 DAYS!,9:59,https://www.youtube.com/watch?v=Oo_D3Ux0IJ8
Why JEE Questions Confuse You with Extra Info (And How to Solve Them!),2:07,https://www.youtube.com/watch?v=jzRQJmW2d60
The Hardest PnC Question in JEE History! |JEE MAIN 12-4-23 Shift-1 que explained in detail & correct,47:36,https://www.youtube.com/watch?v=wxZvnVdEoT4
JEE 2026: This ONE Step Will Fix All Your Class 11 Mistakes! üöÄ,18:24,https://www.youtube.com/watch?v=H7GWB-fYZx0&pp=0gcJCYsJAYcqIYzv
Why You MUST Learn This Trick for JEE Mains 2025!,3:02,https://www.youtube.com/watch?v=F3xfTQEaBJY
How to Outsmart NTA‚Äôs Confusing Chemistry Questions! üß™‚è±Ô∏è,6:13,https://www.youtube.com/watch?v=E2gkB9wXcB0
Time-Saving Tricks for JEE Main 2025: Solve Tough Questions Easily!,4:22,https://www.youtube.com/watch?v=euVZc5bM8K4&pp=0gcJCYsJAYcqIYzv
Shocking! This Is How Examiners Think ‚Äì Unlock Short Solutions! | JEE 2025 |The Shortcut You Need!,6:55,https://www.youtube.com/watch?v=PXt5j6Q7UmU&pp=0gcJCYsJAYcqIYzv
Learn This Shortcut & Solve JEE Problems in Seconds! ‚è± | Mohit Tyagi Sir,2:25,https://www.youtube.com/watch?v=b6VxFN331NM
üò± Why This JEE Main Question Has No Correct Answer ‚Äì Mohit Sir‚Äôs Analysis!,7:58,https://www.youtube.com/watch?v=w_b1NivXjDk
"Smart Tricks to Solve JEE Main Problems Quickly! | Save Time, Score High! | Mohit Tyagi Sir",3:18,https://www.youtube.com/watch?v=6gofnDe29TA
"üöÄIntroducing PYQ Express ‚Äì Revolutionizing JEE Prep for Students | Crack JEE Faster, Smarter, Better",43:47,https://www.youtube.com/watch?v=JHpCT1zS7sg&pp=0gcJCYsJAYcqIYzv
I Discovered the SECRET to Solving JEE Main Questions Fast!,1:02,https://www.youtube.com/watch?v=wdkFe_Wvk78
üî• JEE Main 2022: Mind-Blowing Solution to a Lengthy Question! | Mohit Tyagi Sir,3:28,https://www.youtube.com/watch?v=eaO0Q4ZfOYk
Competishun 2024: A Year to Remember | Highlights & Achievements,2:05,https://www.youtube.com/watch?v=uxfXkZS8X5k
üî• JEE Main 2024: Solve This Tough Question Without Calculations! Here's the Secret Trick! | MT Sir,1:03,https://www.youtube.com/watch?v=-oUhRsLPK8k
üåü Boost Your Preparation with a FREE Online JEE MAIN SPECIAL MOCK TEST! üöÄ | Competishun | ABJ SIR,5:05,https://www.youtube.com/watch?v=1Kip5NjMtz0
üî•üî• JEE 2026 Early Drop: (REAL Advantages) | Complete MASTER PLAN to Boost Your Rank After Drop! üöÄ,23:44,https://www.youtube.com/watch?v=GkbRsMW3Luc
Start Class 12 Prep Now or Regret Later? | JEE 2026 Strategy That Works | Expert Advice for JEE 2026,31:16,https://www.youtube.com/watch?v=LaINGzbhoFg
Rank Booster Test Series for JEE Main 2025 January Attempt | UTS-III | Starts Jan 1st! | ABJ Sir,0:45,https://www.youtube.com/watch?v=CG3yGOt7yYQ
üî¥ How I Cracked IIT with YouTube Only! | Saketh | IIT Madras,8:22,https://www.youtube.com/watch?v=1rELbOHoqWo&pp=0gcJCYsJAYcqIYzv
Ace UCEED 2025 with Our FREE Test Series! | Competishun | ABJ Sir,3:41,https://www.youtube.com/watch?v=vkR_T_1vRLk
"JEE 2027 MASTER PLAN: Crack It Like a Topper! | Tips, Do‚Äôs/Don‚Äôts & Strategy¬†for¬†Top¬†Ranks",1:31:42,https://www.youtube.com/watch?v=O_3k68dUQok
IIT 3rd Attempt: Jab Sapne Do Baar Se Na Ho Poore!,1:16,https://www.youtube.com/watch?v=llYYLzsSvK4
üî• 3rd Chance to IIT! | Should You Take the 2nd Drop? | Pros & Cons | JEE Advanced 2025 Strategy!,18:31,https://www.youtube.com/watch?v=YI3mY17lznc
üî• IIT JEE 2026: Struggling with XI? | Do FULL SYLLABUS in 1 Year! | Get Back on Track Fast! | MT Sir,1:17:25,https://www.youtube.com/watch?v=pKGYI7CkvjQ
üî• JEE Advanced 2025: Number of Attempts Increased | 75% Criteria Removed? | Impact on Competition!,16:03,https://www.youtube.com/watch?v=dAFnIS5pKoI
üî• JEE Main 2025: Most Relevant & Expert-Designed Test Series! | 20+ Mock Tests for Real Results!,9:04,https://www.youtube.com/watch?v=8RbjLS4xyXI
TOP STRATEGIES for the Next 80 Days BASED on YOUR JEE Main 2025 Preparation LEVEL! l Mohit Tyagi Sir,35:54,https://www.youtube.com/watch?v=xegFIJRz3PE
How To Fill JEE Mains Form 2025 | JEE Main Registration 2025 | JEE Main 2025 Form Fill-Up Made EASYüöÄ,11:59,https://www.youtube.com/watch?v=bHdWy6Zdv28
JEE Main 2025 January Attempt: Essential Tips & Key Points to Remember While Filling the Form,8:46,https://www.youtube.com/watch?v=WU5jQXPUroI
"üî•All You Need to Know About UCEED 2025 Success Plan | Eligibility, Exam Pattern, Dates, Seats & More",13:04,https://www.youtube.com/watch?v=1fnRnZIfTqQ&pp=0gcJCYsJAYcqIYzv
üéôÔ∏èWhat Aspiring Engineers Must Know for Future (It Might Surprise You) |Dr. Ankit Shah's Predictions,49:10,https://www.youtube.com/watch?v=sQL9ZZTqras
üî• JEE Main's One of the Toughest Question | 3 Unique Solutions (Harder Than JEE Adv) | Number Series,22:04,https://www.youtube.com/watch?v=bx_9hzX5kU4
TRICK TO Solve JEE Main 2024 Lengthy Circle Questions FAST! | Mohit Tyagi Sir | Competishun,2:11,https://www.youtube.com/watch?v=UfOjj3_bmDs
What's Stopping You from SCORING HIGH in CHEMISTRY? | 7 Secrets & Gameplan for JEE 2025 Jan Attempt,20:45,https://www.youtube.com/watch?v=ZVhPhasq-bc
Engineering or Medical? | Find the Best Path for YOU in 60 Days! | JEET-SETU 2025 | Mohit Tyagi Sir,30:34,https://www.youtube.com/watch?v=QpeWhM0q0jw
üî• JEE Main's Most CHALLENGING Question Series | (Harder Than JEE ADVANCED) | Sequence Series |MT Sir,17:45,https://www.youtube.com/watch?v=TbiHN6Sj5hQ
The ONLY Books You NEED for 99 Percentile in JEE MAIN 2025! |üî• (Very Effective!) | JEE Books for PCM,5:50,https://www.youtube.com/watch?v=f6yPwRtPJC4
JEE 2025: 99%ile is EASY in JEE Main MATHS! | (YOUR WAY TO 99%ile) | SCORE 99 Percentile in 120 Days,37:06,https://www.youtube.com/watch?v=nSInxFsM93w
CBSE Private form 2025 Form Outüî• | Improvement | Essential repeat | Compartment | CBSE Latest Update,4:40,https://www.youtube.com/watch?v=dGJ8ntmwbog
üî• Your BRAHMASTRA for JEE MAIN 2025 Jan Attempt! | Most Effective Study Plan for Guaranteed¬†Success!,48:52,https://www.youtube.com/watch?v=ludqg5HxZUk
Is PARTIAL DROP Right for You? | SECURE Your IIT Dream with This STRATEGY | JEE 2025¬†|¬†PRABODH¬†Batch,13:23,https://www.youtube.com/watch?v=SkeeYuKL7BA
"üî•JEE Main Test Series 2025 for REAL RESULTS! | The MOST CUSTOMIZED, RELEVANT & EXPERT-DESIGNED TESTS",18:12,https://www.youtube.com/watch?v=6CVriOVymbU
Most Effective IIT JEE Mock Test Strategy Ever! | How to Instantly Improve Your Results & Score High,43:25,https://www.youtube.com/watch?v=5pzkUcVsRYc
Struggling with JEE Backlogs? üòìWatch This for the Ultimate Solution! üöÄFASTEST Ways to¬†Cover¬†Backlogs,10:10,https://www.youtube.com/watch?v=np_-fiW8fwo
Score 99%ILE in JEE MAIN 2025 1ST ATTEMPT with THIS STUDY PLAN! | ABJ Sir | Competishun,34:01,https://www.youtube.com/watch?v=Ll60vnOdO98
Master JEE with TOP STUDY MATERIALS & EXPERT TIPS on How to Use Them | Mohit Tyagi Sir,17:00,https://www.youtube.com/watch?v=Q2iVoWtjIQU
üèÜ ‡§ú‡§Ø‡§ò‡•ã‡§∑ 2024 (JaiGhosh) üèÜ | IIT JEE Advanced 2024 Results- Success Celebration! ‚úåÔ∏è |Team Competishun,8:32,https://www.youtube.com/watch?v=_VwcFEhO8SY
CSAB Counselling 2024 - Complete Procedure! | Steps After JoSAA Round 5 | ABJ Sir,31:03,https://www.youtube.com/watch?v=ZmE7cyEGZYs
"""We are there for you"" - Initiative by Competishun",1:01,https://www.youtube.com/watch?v=ov9GRJwfeS8
üöÄExpert Roadmap to JEE 2025 Success! | Praveen-XIII Fast Lane 2025 | Dropper Batch | Mohit Tyagi Sir,53:35,https://www.youtube.com/watch?v=ImkS1vA4XMk
Empowering Every Student | Dream Big with Competishun | Student-First Approach | By Competishun,1:05,https://www.youtube.com/watch?v=YTZZpX7f6t4
What To Do ? After JoSAA Seat Allotment Round 1 | Team Competishun | ABJ Sir,12:35,https://www.youtube.com/watch?v=Ti2NSL_mW58
üî• RBC 2025 | Ranker's Batch by Competishun | Online + Offline | IIT- JEE 2025 | Mohit Tyagi Sir,48:56,https://www.youtube.com/watch?v=YcgZJO89nyc
JEE Advanced 2024 Result! | Marks vs Rank | Category-Wise Cutoff | ABJ Sir,3:50,https://www.youtube.com/watch?v=oPw70llzliM
"üìã JoSAA Counselling Procedure 2024: Detailed Guide, Choice Filling Strategies, Key Steps¬†&¬†Documents",1:20:20,https://www.youtube.com/watch?v=bzhEbJp4j7U
All about IISTüî• | Indian Institute of Space Science TechnologyüöÄ | ISRO | ALK SIR,10:05,https://www.youtube.com/watch?v=aw0_LHgEOa8
IIT JEE 2025 Success Plan: How Droppers Can Succeed in IIT JEE 2025 ? | Must Know Smart Prep Roadmap,38:37,https://www.youtube.com/watch?v=BXFuJsp9w5s&pp=0gcJCYsJAYcqIYzv
CBSE 2024 Update: Compartment & Improvement Exam Details for Class 10 & 12 Students,4:11,https://www.youtube.com/watch?v=eIZxtyu0MrA
üéâ Introducing the new face of competishun....,0:23,https://www.youtube.com/watch?v=bAajM49CiQs
JEE Advanced Solutions 2024 | CHEMISTRY | Complete Solutions | Team Competishun,3:32:38,https://www.youtube.com/watch?v=p7aZfWz7qEQ
JEE Advanced Solutions 2024 | Physics | Complete Solutions | Team Competishun,3:35:16,https://www.youtube.com/watch?v=AqUE0iJtkS8
JEE Advanced Solutions 2024 | Mathematics | Complete Solutions | Team Competishun,3:28:02,https://www.youtube.com/watch?v=vtPC33GJCgY
JEE Advanced 2024 is Done! | Your Ultimate Guide to Next Steps | PRAVEEN IX Online | Competishun,24:07,https://www.youtube.com/watch?v=cLpbnbgeqP8
Didn't Do Well in JEE Main? You Can Still Do Great in JEE Advanced 2024! | Must Watch | MT Sir Tips,12:13,https://www.youtube.com/watch?v=MvEei_Lbg4g&pp=0gcJCYsJAYcqIYzv
What You Need to Know Before JEE Advanced 2024 Exam ü§î | 8 Essential Last-Minute Tips! | ABJ Sir,29:14,https://www.youtube.com/watch?v=ZCewIJjnGE8
JEE Advanced Physics PYQsüî•| WAVE OPTICS |2006 - 2023| Must watch for every Advanced Aspirant,1:41:13,https://www.youtube.com/watch?v=cnuCUfAgYcs
JEE Adv Physics PYQs: Current Electricity (2006-2023) PART- 2 | JEE 2024 Preparation,1:29:03,https://www.youtube.com/watch?v=FTZ0i92oPbQ
Important for JEE Advanced 2024: IIT Kanpur Sample Paper Solution | Must Watch | ABJ Sir|Competishun,2:04:45,https://www.youtube.com/watch?v=Vyd9BwFNgm8
JEE Advanced Physics PYQs: Current Electricity (2006-2023) Solved | JEE 2024 Preparation,2:07:07,https://www.youtube.com/watch?v=fJdEp6jUT2I
JEE Advanced Admit Card 2024: Must-Know Instructions & Documents to Carry | ABJ Sir Explains!,8:13,https://www.youtube.com/watch?v=d_kYsHgJiDw
"JEE Advanced Physics PYQsüî•| ELECTROSTATICS Part-2 || Electric Charges, Field and Potential PYQs",3:01:03,https://www.youtube.com/watch?v=K_r88ilu9ew
Deciding Your Future After 10th? ABJ Sir‚Äôs Ultimate Guide to Choosing the Right Stream! |Competishun,28:09,https://www.youtube.com/watch?v=VNymiFbcMe4
Class 12th- Verification & Re-Evaluation of Marks | CBSE 12th Results 2024 | Must Watch | ABJ Sir,4:14,https://www.youtube.com/watch?v=rYODVZNDr3I
"JEE Advanced Physics PYQsüî•| ELECTROSTATICS | Electric Charges, Field and Potential PYQs",2:36:25,https://www.youtube.com/watch?v=EBwKuLCzlNU
11 Mistakes You Should Avoid as A JEE/NEET Aspirant!üò®üíØ| JEE Motivation | ABJ Sir,23:55,https://www.youtube.com/watch?v=dafGsQvMpbA
How to fill JEE advanced form 2024 | JEE Advanced Registration 2024 | JEE Advanced form filling 2024,3:44,https://www.youtube.com/watch?v=sz0LIZdzXJE
Drop for JEE 2025üò±? | Drop v/s NO Drop!ü§î|Deciding on a Second Attempt‚ùì | Tips¬†for¬†Excelling |ALK Sir,12:47,https://www.youtube.com/watch?v=D1BnWQFw7TM
JEE Advanced Physics PYQsüî•| WORK POWER & ENERGY |2006 - 2023| Must watch for every Advanced aspirant,1:55:34,https://www.youtube.com/watch?v=XPndhd54uPg
üöÄ Begin Your IIT Journey: Join the MOST Effective & Personalized Dropper Batch For IIT JEE 2025 üî•,31:03,https://www.youtube.com/watch?v=7PlZ4dwT56I
üî• JEE 2025 : Top 6 Strategies for 99%ile with Class 12 | Must Watch | ABJ Sir | Competishun,23:00,https://www.youtube.com/watch?v=4KrPk8Qxopk&pp=0gcJCYsJAYcqIYzv
6 Must-Know Tips to Easily Balance JEE/NEET 2025 with Board Exams! (Without Stress) | Competishun,18:37,https://www.youtube.com/watch?v=La5WOWMKZ-E&pp=0gcJCYsJAYcqIYzv
How to Succeed in BITSAT 2024: Top Tips and Strategies for¬†Success! | Best Study Techniques |ABJ Sir,14:33,https://www.youtube.com/watch?v=ItW9_YI68HE
Solve SHM Questions Using Taylor's & Maclaurin Theorem | Simple Harmonic Motion¬†|¬†SHM |¬†ABJ¬†Sir,1:23:18,https://www.youtube.com/watch?v=Lvf5XLuLnpU
Preparing for JEE/NEET? | 15 Things NOT to Do If You Want to Succeed! | Competishun | ABJ Sir,27:04,https://www.youtube.com/watch?v=OwvO7ken_6c
JEE Advanced Physics PYQsüî• | Rigid Body Dynamics | RBD | 2006- 2023| Must Watch | ABJ Sir,2:14:42,https://www.youtube.com/watch?v=p8CewMPJbqo
JEE Advanced Physics PYQsüî•| Rigid Body Dynamics 2006 - 2023| Must watch for every Advanced aspirant!,1:24:03,https://www.youtube.com/watch?v=pzUKgqwCPKY
Maximize Your JEE Advanced 2024 Success with Our Leading Online Revision Course! | CATS-VI | MT Sir,15:33,https://www.youtube.com/watch?v=VE_5vuOSf0w
Aarambh (‡§Ü‡§∞‡§Ç‡§≠) of JEE Preparation üî•üî•| 5-Must Watch Tips for Online Offline Effective Study by MT SIR,2:14,https://www.youtube.com/watch?v=1SqL_wNSdKA
"Ready, Set, Succeed: Last Minute Advice for JEE Main 2nd Attempt! | Competishun | ABJ Sir",14:24,https://www.youtube.com/watch?v=3Z6P4y4ZWxU
JEE Advanced Physics PYQsüî•| Center of Mass 2006 - 2023 | Must watch for every Advanced aspirant!,1:35:55,https://www.youtube.com/watch?v=s4fHzCsOc1E&pp=0gcJCYsJAYcqIYzv
ABJ Sir Interviews MT Sir: Unveiling JEE Success Secrets|Essence of Competishun-Your Ultimate Guide!,36:47,https://www.youtube.com/watch?v=vdzkxInBkYs
5-Favorite questions of NTA in Math üî•üî•|Must do b4 IIT JEE Main 2024 April|Easy/Scoring Most Probable,2:30,https://www.youtube.com/watch?v=8EtDfEtEOGI
Superb Method of solving IIT-JEE Advance 2022 Matrix PYQ by Mohit Tyagi| Characteristic Equation,9:34,https://www.youtube.com/watch?v=WRIkC3idsvw
JEE Advanced Physics PYQsüî•| Circular Motion 2006 - 2023 | Must watch for every Advanced aspirant!,46:50,https://www.youtube.com/watch?v=VaZYr1WQ7Vs
Solution sketch & Lines of Thinking of IIT JEE 2023 Advanced Paper by MT Sir|Time saving soln of PYQ,1:11:30,https://www.youtube.com/watch?v=77f_c4hKzlI
"Will watching IPL 2024 matches,affect my IIT-JEE or NEET Preparation OR Rank?Last min tips by MT SIR",4:36,https://www.youtube.com/watch?v=ErGj2s-xY4M
Unlock a New Way of Efficient ONLINE STUDY Methods! üöÄ| SCORE HIGH in JEE/NEET 2025/2026 | Must Watch,32:24,https://www.youtube.com/watch?v=jLEjwg_2X_Q
"Solved Under 1 Minute | IIT JEE Advanced 2023 Complex Number Very Easy Question, using observation",3:14,https://www.youtube.com/watch?v=0wX5znNHgNQ
JEE/NEET in Kota: A Balanced Look at Success and Struggles  | ABJ Sir | Competishun,33:00,https://www.youtube.com/watch?v=low_Z2xJhbw
üî• JEE 2026: Your Way to IIT with This Proven Roadmap | IIT Seat in 2026? Watch This! | New Batches üöÄ,1:15:56,https://www.youtube.com/watch?v=7bG0mPaqYmI
üî• JEE 2025: From Aspirant to IITian: Your Ultimate JEE 2025 Prep Guide YOU Need! | New Batches 2025üöÄ,1:42:34,https://www.youtube.com/watch?v=cd5uEWIn1tw
CBSE Board Compartment Exam 2024 üìò: Ultimate Guide & Tips to Ace Your Retakes | Competishun |ABJ Sir,10:30,https://www.youtube.com/watch?v=c_2Y3gCYk4s
JEE Advanced Physics PYQsüî•| Unit and Dimension 2006 - 2023 | Must watch for every Advanced aspirant!,1:12:38,https://www.youtube.com/watch?v=-6muQNvDRtw
JEE Main 2024: Is YOUR SCORE Enough for TOP NITs? | NITs CSE Cutoffs 2024|TOP NITs at LOW Percentile,15:12,https://www.youtube.com/watch?v=-0OuNJTNXDM
üî• JEE Main April 2024: From Average to EXCELLENT in 40 Days (Realistic & Effective Plan!) | MT Sir,16:41,https://www.youtube.com/watch?v=5rlmNaMVcR4
Top 10 Engineering Exams other than JEE 2024üò±| Don't Miss‚ùå|Alternates of JEE|Colleges Other Than JEE,13:57,https://www.youtube.com/watch?v=FduOLbveRmk
JEE Advanced Physics PYQs | NLM & FRICTION 2004 to 2023 | Must Attend For Every Adv Aspirants!,1:18:15,https://www.youtube.com/watch?v=G_m3fXBgqJE
JEE Advanced Physics PYQs | Geometrical Optics 2017 to 2023 | Must Attend For Every Adv Aspirants!,1:49:07,https://www.youtube.com/watch?v=3UTLFFvHkOM
üî• How to Crack UGEE 2024 | IIIT Hyderabad | Is This College Better Than IITs? | Competishun |ABJ Sir,18:32,https://www.youtube.com/watch?v=5cmopYQz6Ps
"üöÄCrack BITSAT 2024: All You Need to Know- Cut Off, Eligibility, Exam Dates, Test Format, Scholarship",18:31,https://www.youtube.com/watch?v=DBhWNbbboiI
Geometrical Optics JEE Advanced Previous Year Questions PYQ (2004-2023),2:18:56,https://www.youtube.com/watch?v=isaAs6sKdsw
"Free Access of CATS, CHAMP & C¬≥ | MOST Effective, Personalized & Systematic Online BATCHES! üöÄ JEE-24",17:12,https://www.youtube.com/watch?v=4P7wryetMFs
"Decoding 16 Years of JEE Advanced: Paper Format, Marking Scheme, and Trends (2007-2023) | ABJ Sir",39:46,https://www.youtube.com/watch?v=gHzzLzXuxzI
Kinematics JEE advanced previous year questions PYQ (2004-2023),1:18:38,https://www.youtube.com/watch?v=MBA60Ydnmk8
"üî• IIT-JEE 2025: MOST Effective, Personalized & Systematic Online BATCHES! üöÄ|XI-XII or Early Droppers",26:47,https://www.youtube.com/watch?v=Mj4mfQOHVVA
‚úÖ How to CHALLENGE NTA Answer Key 2024 | JEE Main Answer Key 2024 | NTA REVISED Notice | Competishun,1:36,https://www.youtube.com/watch?v=lIJTfO1NsBo
"Crack JEE MAIN, JEE ADVANCED & BITSAT 2024 with Our Top-Rated Test Series! | Team Competishun",7:00,https://www.youtube.com/watch?v=GCGZ5HwMe0M
Boost Your JEE Advanced 2024 Prep with the Iconic Online Revision Course! | CATS-III Online | MT Sir,27:02,https://www.youtube.com/watch?v=l1fijBKgffI
üöÄ Boost Your JEE Main Second Attempt 2024 Prep! Pro Tips to Start Strong and Succeed! | ABJ Sir,14:42,https://www.youtube.com/watch?v=9f0pFdOSrhY
"üî•JEE Main 2024 Session 2 Registration Complete Process! | Important Dates, Changes, and Instructions",4:18,https://www.youtube.com/watch?v=7owuTOzQsq8
"üî• CATS OFFLINE 2024 | Free Food, Hostel, and Batch for 99.5 Percentile Students! Limited Seats",47:06,https://www.youtube.com/watch?v=1ffKobYtdM0
üö´ 15 Mistakes That Could Ruin Your JEE Main & Advanced 2024 Prep! üò± | Don't Miss Out! | Mohit Tyagi,7:20,https://www.youtube.com/watch?v=id27svsUQ4c
üöÄGive Boost to your Preparation with THESE TESTING SKILLS! | JEE Main April 2024 | JEE Advanced 2024,25:17,https://www.youtube.com/watch?v=usp6pmrWZKg
üöÄ Boost Your Success: Must-Watch Strategies for JEE MAIN APRIL & JEE ADVANCED 2024! Mohit Tyagi Sir,1:09:38,https://www.youtube.com/watch?v=n3Sf6f6YAKk
JEE Main 2024: Speed Solutions üöÄ | 27th Jan Shift -1 | Memory Based Questions | Competishun,2:24:18,https://www.youtube.com/watch?v=SgqI4nqXBm8
JEE Main Admit Card 2024:  Explained All IMPORTANT Instructions | Documents To Carry | ABJ Sir,15:14,https://www.youtube.com/watch?v=MTOV1w2BjNY
How to Submit Answers Effectively in JEE Main 2024 Exam! üöÄ | JEE MAIN CBT (Computer Based Test) üíª,7:34,https://www.youtube.com/watch?v=V0BJtNo7sic
üî• JEE Main 2024: Score 99%ile in Just 7 DAYS! | Last 7 Days Strategy for JEE MAINS | ABJ Sir,11:43,https://www.youtube.com/watch?v=dYT0_UWkSeg&pp=0gcJCYsJAYcqIYzv
Don't Commit this Mistake of Shallow Learning | XI to XII Moving IIT JEE 2025| Tips & Tricks of Prep,11:33,https://www.youtube.com/watch?v=K6WkhUt4bd8
üöÄ How to Fill BITSAT Application Form 2024 | BITSAT 2024 Application Form | BITSAT form fill up 2024,3:11,https://www.youtube.com/watch?v=QenW1WRUbGo
Super use of Symmetry to reduce Calculation in IIT JEE Main 2023 PYQ| #jeemains 2024 tips & Tricks,3:56,https://www.youtube.com/watch?v=PVHtHUDENJ4
Score Big in #jeemain2024|Gems Of NTA-6|Solving JEE (M)2023 Function PYQ in 10 sec using shortcut,1:26,https://www.youtube.com/watch?v=if2oD5eOps0
GEMS Of NTA-5| wrong PYQ of Complex Number asked in IIT JEE Main 2020| Correct Solution Explained,18:50,https://www.youtube.com/watch?v=yh0VVLp9qjM
P Block- FREE Special Test for JEE MAIN 2024 JANUARY ATTEMPT! | Competishun | ALK Sir,4:36,https://www.youtube.com/watch?v=ym8kog-etv4
ALL JEE MAIN 2023 (APRIL) CHEMISTRY Question Solutions According to New Syllabus | JEE Main 2024,11:08:27,https://www.youtube.com/watch?v=NQQJAsBMiiY
"üî• JEE 2026: Do's, Don'ts, and Success Strategies by MT Sir | Roadmap for JEE 2026 |JEE 2026 Strategy",1:12:12,https://www.youtube.com/watch?v=tL5l9NBiHco
Gems of NTA-4|JEE Main PYQ of 2023 in 10s using symmetry & Dimension Balancing|Mind Blowing Shortcut,4:21,https://www.youtube.com/watch?v=R7mbS5jvNMI
üî• JEE 2025: 11+12 In One Year | BEST Preparation Plan For XI Ruined Students | Mohit Tyagi,19:40,https://www.youtube.com/watch?v=mlpOZXhhfjg
Gems of NTA-3| Solving JEE Main PYQ in 10 sec using super shortcut by Mohit Tyagi|How to score fast,3:23,https://www.youtube.com/watch?v=JIH0c2AV8xI
üî• From April or Now: When is the Right Time to Kickstart JEE 2025 Preparation? üöÄ| COMPLETE GUIDANCE,39:26,https://www.youtube.com/watch?v=lOzPbkIuor0
ALL JEE MAIN 2023 (APRIL) PHYSICS Question Solutions According to New Syllabus | JEE Main 2024,14:34:05,https://www.youtube.com/watch?v=mSh5rxTs3G0
ALL JEE MAIN 2023 (April) Question Solutions According to New Syllabus | JEE Main 2024 | Competishun,24:19:29,https://www.youtube.com/watch?v=ePJPrBLPegA
üöÄ MOST Relevant Test Series for JEE Main 2024 JANUARY ATTEMPT! | Based on New Syllabus | ABJ Sir,13:32,https://www.youtube.com/watch?v=-HAikU1n194
üöÄ BEST ONLINE COURSE For XI to XII Moving Students | Target JEE MAIN and ADVANCED 2025 | Competishun,4:53,https://www.youtube.com/watch?v=03jCWUkXB80
üíé Gems of NTA | Logically WRONG QUESTION ASKED in JEE Main PYQ! | Mohit Tyagi Sir | Competishun,7:46,https://www.youtube.com/watch?v=wTjszS6qFm8
üåü Boost Your Preparation with a FREE Online JEE MAIN SPECIAL MOCK TEST! üöÄ | Competishun | ABJ SIR,3:50,https://www.youtube.com/watch?v=D56Efd26GaQ
7 Most Effective REVISION STRATEGIES for JEE Main 2024 January Attempt!üöÄ |JEE Main Revision Strategy,17:00,https://www.youtube.com/watch?v=Q4rQt748YQU
üöÄ15+ Mock Tests for JEE Main 2024 JANUARY ATTEMPT! | Most Relevant Test Series for JEE Main | MT Sir,11:54,https://www.youtube.com/watch?v=SnMlsSyDyvE
üî• JEE Main 2024: How to USE NEXT 45 DAYS! ‚úÖ | MOST PRACTICAL STRATEGY | ABJ Sir | Competishun,35:05,https://www.youtube.com/watch?v=AmvmPBy-8kk
Should I start Early My Class XII | JEE MAIN & ADVANCED 2025 | Guidance By Team Competishun,1:19:06,https://www.youtube.com/watch?v=8nYhz2h6AT0
UTS Test Series Update | JEE MAIN 2024 New Syllabus | Must Watch | ABJ Sir,4:50,https://www.youtube.com/watch?v=06N8mk85GZI
Physics Galaxy Channel hacked üò±üò±| Shocking News| Pray for recovery,1:24,https://www.youtube.com/watch?v=SlqBbA0_p-k
üöÄ Unlock Success: Key Dates & Insider Tips for Premier Engineering Entrance Exams 2023-24! üìÖ‚ú®,4:06,https://www.youtube.com/watch?v=MXTMHi-jTLQ
üì¢Announcing ùóùùóòùóòùóß-ùó¶ùóòùóßùó® 2024 | A Bridge Course For JEE/NEET | For X to XI Moving Students |Competishun,12:32,https://www.youtube.com/watch?v=SIBiVrQYLsM
JEE Main 2024 Application Problems: TOP SOLUTIONS for Student Struggles! üìù‚ú®| ABJ Sir,5:55,https://www.youtube.com/watch?v=-BI3-JHgWPY
Crack JEE 2025 (XI to XII Moving Students) | Do FULL SYLLABUS in 1 year | JEE 2025 Prep| Mohit Tyagi,1:09:00,https://www.youtube.com/watch?v=Xl3x7uXxAtY
Top STRATEGY for the Next 90 Days BASED on YOUR JEE Main 2024 Preparation LEVEL! l Mohit Tyagi Sir,26:19,https://www.youtube.com/watch?v=Mqoi-xhf7Kk
Top 13 FAQs on JEE Main 2024 Application Form Filling Answered | Must-Know Details!,5:04,https://www.youtube.com/watch?v=qa2mqGi5olQ
"ü§î IS THERE Any HOPE? - 11th Destroyed, What to Do NOW? | JEE 2025 Strategy | ALK Sir",21:54,https://www.youtube.com/watch?v=BPBrq_zbNWs
"Strategic Roadmap: Rescuing 11th, and Acing JEE 2025 in 12 Steps Only (GUARANTEED)",22:44,https://www.youtube.com/watch?v=f7S8JTg1fTI
üìö REMOVED CHAPTERS from NEW NCERT Chemistry: To STUDY or SKIP? | Expert Advice & Analysis üìä,6:42,https://www.youtube.com/watch?v=_WMTgBt7Cx8
Class 10 Students: Must-Study Class 11 Chapters for Best JEE/NEET 2026 Exam Preparation,4:00,https://www.youtube.com/watch?v=Dq9eBQTprxI
10 Years aimed towards changing lakhs of lives | Life Philosophy of MT Sir with his IITian student,29:50,https://www.youtube.com/watch?v=4NV78E6XiKY
üî• Only Rank Producing CRASH COURSE For JEE Main | BEST Crash Course For JEE Main 2024 FIRST ATTEMPT!,9:31,https://www.youtube.com/watch?v=_Z65XqmAjUI
JEE advanced topper interview | Why I chose IISC over IIT Bombay? | Study Motivation by AIR 1,18:20,https://www.youtube.com/watch?v=UDEv9Z8upcs
700k YouTube Family Celebration üéâ | THANK YOU FOR YOUR LOVE AND SUPPORT üôè,0:48,https://www.youtube.com/watch?v=HZnysWm3AEM
JEE 2024 Preparation Ruined? ü§î | Can I Still CRACK JEE Mains 2024 | üéØ DETAILED STRATEGY & ROADMAP,35:41,https://www.youtube.com/watch?v=q5Fh4DOPK38
üöÄ99 %ile is EASY in JEE Main MATHS! | (YOUR WAY TO 99%ile) | 99 Percentile in Maths JEE Mains 2024,1:16:59,https://www.youtube.com/watch?v=OP041MVaQ6Y
üöÄ My Praveen Fast Lane 3 | IMPORTANT POINTS for IIT JEE 2024 PREPARATION! | NS Sir,16:46,https://www.youtube.com/watch?v=PFyIN9uEOKg
Are PYQ enough For JEE Mains 2024? (THE ACTUAL REALITY) How Many Years PYQs are enough for 99%ile?,14:46,https://www.youtube.com/watch?v=yW6qIBtFh44
üî•6 MOST PRACTICAL ways to SCORE 90+ in Chemistry JEE Mains 2024 | 4 Months Plan | Roadmap by ALK Sir,30:08,https://www.youtube.com/watch?v=FvL1SBf7JT4
Why JEE Toppers are going to IISC Bangalore Campus | One of the most beautiful campuses in the World,15:41,https://www.youtube.com/watch?v=iHvxf_Kkh4k
Inspiring Story Of Cracking JEE Advanced 2023! | JEE Advanced 2023 Success Story | IIT Motivation,21:58,https://www.youtube.com/watch?v=_CupgFbTckw&pp=0gcJCYsJAYcqIYzv
Strategy For Partial Droppers! | PRABODH BATCH | IIT JEE 2024 |,30:41,https://www.youtube.com/watch?v=Segw82CqRQs
JEE Topper Interview |  Meet the Genius Naman Goyal AIR 33 JEE Adv 2023 | JEE Aspirant Motivation,15:56,https://www.youtube.com/watch?v=xgMoUHXdb3Y
99 Percentile in JEE Main 2024 1st Attempt! | Ultimate Study Planner for Success! | ABJ Sir,28:50,https://www.youtube.com/watch?v=8MFfjNMoIlE
Who is this JEE Topper? | Freedom to do what you want by AIR 39 | JEE Topper Tips,12:22,https://www.youtube.com/watch?v=ytZ-f0xq2xQ
IIT JEE Topper Interview | JEE Advanced Topper 2023 | JEE Advanced 2023 Toppers Study Plan | ALK Sir,13:03,https://www.youtube.com/watch?v=-ztO8N4jW-o
My Praveen Fast Lane 2 | IMPORTANT POINTS for IIT JEE 2024 PREPARATION! | ALK Sir,12:37,https://www.youtube.com/watch?v=n96eHAmAWcY&pp=0gcJCYsJAYcqIYzv
JEE Topper Interview | JEE Advanced Topper 2023 | JEE Advanced 2023 Toppers Study Plan | NS Sir,7:08,https://www.youtube.com/watch?v=2twJXFkkHdo
JEE Topper Interview | JEE Advanced Topper 2023 | JEE Advanced 2023 Toppers Study Plan | ALK Sir,9:29,https://www.youtube.com/watch?v=KYj-36kmgFo
JEE Topper Interview | JEE Advanced Topper 2023 | JEE Advanced 2023 Toppers Study Plan | ABJ Sir,11:47,https://www.youtube.com/watch?v=mmdivN7Uxso&pp=0gcJCYsJAYcqIYzv
JEE Advanced Topper 2023 | Interview with MT Sir | JEE Main 2023 Toppers Study Plan |,12:19,https://www.youtube.com/watch?v=yKxHuNcictU&pp=0gcJCYsJAYcqIYzv
CSAB Vacant Seats 2023! | How To Do CSAB Choice Filling 2023 | IMPORTANT TIPS | ABJ Sir,5:14,https://www.youtube.com/watch?v=Jxvw2BFQq4s
üé§ Success Mantra From JEE Advanced 2023 Topper (AIR-861) | Jambhale Shreeraj | JaiGhosh 2023 |NS Sir,9:13,https://www.youtube.com/watch?v=P6iRWXNCgBs
üé§ Success Mantra From JEE Advanced 2023 Topper (AIR-811) | Dhruv Gupta | JaiGhosh 2023 | ALK Sir,11:40,https://www.youtube.com/watch?v=IOXT6lBIimQ
üé§ Success Mantra From JEE Advanced 2023 Topper (AIR-185) | Vansh Agarwal | JaiGhosh 2023 | MT Sir,18:33,https://www.youtube.com/watch?v=RVxNyPBAtGo
How to study from HCV | In-depth analysis | Selected List of Questions | Pustak Batch,3:37,https://www.youtube.com/watch?v=HBrNwmwKpXc
Praveen 13 Fast Lane and IMPORTANT POINTS for IIT JEE 2024 PREPARATION! | Mohit Tyagi Sir,31:13,https://www.youtube.com/watch?v=VlbBu3jwg-A&pp=0gcJCYsJAYcqIYzv
What After JoSAA Round 6? | CSAB Counselling 2023- Complete Procedure! | ABJ Sir,11:44,https://www.youtube.com/watch?v=6VDa-6n2RfQ
üèÜ ‡§ú‡§Ø‡§ò‡•ã‡§∑ 2023 (JaiGhosh)  üèÜ | IIT JEE Advanced 2023 Results- Success Celebration! ‚úåÔ∏è | Day-2,13:21,https://www.youtube.com/watch?v=D_GnzgDMxkY&pp=0gcJCYsJAYcqIYzv
üèÜ ‡§ú‡§Ø‡§ò‡•ã‡§∑ 2023 (JaiGhosh) - TEASER üèÜ | IIT JEE Advanced 2023 Results- Success Celebration! ‚úåÔ∏è | Day-1,5:23,https://www.youtube.com/watch?v=fHRmQ2Fd2Cg
"Do Friendsüë®üèª‚Äçü§ù‚Äçüë®üèº & Class Environment Affect our Final PerformanceüèÜ in IIT JEE, NEET 2024 |Prep Tips",9:18,https://www.youtube.com/watch?v=ig3yzQKED2Q
"2-Phased Strategy for IIT JEE 2024 Aspirants| Reorganize, Recalibrate your JEE Prep by Mohit Tyagi",23:22,https://www.youtube.com/watch?v=oAkvFRjPYH8&pp=0gcJCYsJAYcqIYzv
New Online Batches Announcement | Target : IIT-JEE : 2024/2025 | Team Competishun,2:25,https://www.youtube.com/watch?v=OarV0wVedkw
Ranker's Batch Offline @ Jaipur | Target - IIT-JEE - 2024 | Team Competishun,3:49,https://www.youtube.com/watch?v=QqsCJpQ_L_g
Launch of India's biggest Free Lab | Inauguration Video | Jaipur Centre,2:04,https://www.youtube.com/watch?v=WtmJKp2Ib74
My-Praveen XI - Hybrid Lane | Batch Announcement | IIT-JEE-2024 | Team Competishun,3:42,https://www.youtube.com/watch?v=HQsWbxkVArU
Ranker's Batch Offline @ Jaipur | Batch Announcement | Target : IIT-JEE - 2024 | Team Competishun,24:27,https://www.youtube.com/watch?v=2JmkqAo8igw
Competishun Rocks | Undisputed Leader of JEE Advanced 3rd time in a Row | Power of Real Gurus,0:38,https://www.youtube.com/watch?v=9EnP4LRLqvM
JEE Rank V/s College Predictor | JOSAA Counselling 2023 | Team Competishun,6:25,https://www.youtube.com/watch?v=rxyLveblPg4
JoSAA Choice Filling 2023! | Complete Procedure Step by Step | Team Competishun,4:07,https://www.youtube.com/watch?v=zFpu3fDluCM
Who Must NOT TAKE A DROP For JEE 2024 | Important Information By ALK Sir,4:24,https://www.youtube.com/watch?v=HAR23j6S1rU
JOSAA - 2023 COUNSELLING | COMPLETE PROCEDURE | ABJ SIR | TEAM COMPETISHUN,51:22,https://www.youtube.com/watch?v=QhjN6cTkkms
Announcement for My-PRAVEEN-X FAST LANE Batch for Class 12th Passed Students | Target IIT-JEE 2024,51:02,https://www.youtube.com/watch?v=w7zKUVKmHA0
JEE ADVANCED 2023 PHYSICS SOLUTIONS PAPER 2 | TEAM COMPETISHUN,1:17:33,https://www.youtube.com/watch?v=Dm7bDuyp7bw
Announcement for PRAVEEN-FAST LANE OFFLINE for Class 12th Passed Students | Target IIT- JEE 2024,3:20,https://www.youtube.com/watch?v=qNIZPtHCwSY
JEE ADVANCED 2023 MATHEMATICS SOLUTIONS PAPER 2 | TEAM COMPETISHUN,1:35:32,https://www.youtube.com/watch?v=uW7F1URJybQ
JEE ADVANCED 2023 CHEMISTRY SOLUTIONS PAPER 2 | TEAM COMPETISHUN,1:26:31,https://www.youtube.com/watch?v=ssUnTPTSJuw
JEE ADVANCED 2023 CHEMISTRY SOLUTIONS PAPER 1 | TEAM COMPETISHUN,1:07:31,https://www.youtube.com/watch?v=W-l8bfx8iE8
JEE ADVANCED 2023 MATHEMATICS SOLUTIONS PAPER 1 | TEAM COMPETISHUN,2:31:37,https://www.youtube.com/watch?v=HYC7nTq-WRA
JEE ADVANCED 2023 PHYSICS SOLUTIONS PAPER 1 | TEAM COMPETISHUN,2:22:33,https://www.youtube.com/watch?v=smm0d3q6svY
Announcement for PRAVEEN-IX Batch for Class 12th Passed Students | Target JEE Main/Advanced¬†2024,3:02,https://www.youtube.com/watch?v=2ZdV-lR_YvQ
All The Best For JEE ADVANCED - 2023 | Team Competishun,15:56,https://www.youtube.com/watch?v=zuGIoCJC7eQ&pp=0gcJCYsJAYcqIYzv
Statistics Advanced syllabus lecture | IIT JEE Advance 2023 Extra Topic by Mohit Tyagi,48:34,https://www.youtube.com/watch?v=zYB3nq6yP2c
IMPOTANT UPDATE: CBSE Improvement Exam 2023 | Compartment | Private Candidate | ABJ Sir,5:30,https://www.youtube.com/watch?v=FVcJAPtAB5s&pp=0gcJCYsJAYcqIYzv
"üöÄ MOST Effective, Personalized & Systematic OFFLINE BATCHES For IIT JEE 2024 üî•üî• | Mohit Tyagi Sir",21:56,https://www.youtube.com/watch?v=P3QF1fESZj0
JEE Advanced Admit Card 2023: Explained All IMPORTANT INSTRUCTIONS! | DOCUMENTS TO CARRY | ABJ Sir,6:48,https://www.youtube.com/watch?v=Xt77m80Pt5g
10- DAMPED OSCILLATION | New Topic in JEE Advanced | Simple Harmonic Motion | IIT JEE Main Advanced,1:09:10,https://www.youtube.com/watch?v=6tN3A3yS0xs
üî• JEE 2025: How To Start JEE 2025 Preparation? | A Complete Guide for Beginners¬†to¬†IITs¬†| MT Sir,1:02:18,https://www.youtube.com/watch?v=u7tXE0URoCE
üî•Watch NOW or REGRET LATER! Top 21 Must-Know Questions¬†Answered | JEE Main 2024 Preparation |ABJ Sir,38:00,https://www.youtube.com/watch?v=HD2sAVzxXo8
üéâ Celebrating 3 Years of Success! üéâ || üéÇ 3rd Foundation Day || Team Competishun üéâü•≥üéä,1:14,https://www.youtube.com/watch?v=J5nsCsIM3SI
ORGANIC CHEMISTRY- Chapter Sequence For JEE 2024 Preparation | Chapter Plan For Repeaters | NS Sir,19:01,https://www.youtube.com/watch?v=BMmMGOXX9QA
üî•üî• JEE 2025! 2 YEARS ROADMAP! | PERFECT Preparation STRATEGYüéØ | ABJ Sir,28:10,https://www.youtube.com/watch?v=bfuSZO_bIgU
üöÄ Announcing PRATHAM-IV Online Batch | X to XI Moving Students | JEE 2025 | ALK Sir,17:25,https://www.youtube.com/watch?v=-aZLmm3gFzM
HOW TO PREPARE for IIT JEE from YouTube WITHOUT COACHING?| JEE 2024 |MATHS Chapter Plan For Droppers,39:37,https://www.youtube.com/watch?v=-5gkilxbEUs
üî•üî•üî• Announcing PRAVEEN III OFFLINE | Droppers Batch | JEE 2024 Preparation | MT Sir,1:10:29,https://www.youtube.com/watch?v=qLKUMrPdoz0
üöÄ Announcing PRAVEEN VIII ONLINE | Droppers Batch | JEE 2024 Preparation | MT Sir,1:27:14,https://www.youtube.com/watch?v=t8AOQF5Ff6c&pp=0gcJCYsJAYcqIYzv
Should I QUIT JEE 2024 Preparation ü§î As I Could NOT SCORE Above 75 PERCENTAGE | Mohit Tyagi Sir,21:08,https://www.youtube.com/watch?v=I5NdIQ7RLHc
14- RLC Circuit With DC Source | JEE Advanced 2023 | Physics | New Topic | EMI | ABJ Sir,53:29,https://www.youtube.com/watch?v=qGyqpO8ql8k
üöÄ Announcing PRAVEEN-1 (HINDI MEDIUM) OFFLINE | JEE 2024 Preparation | DROPPERS SPECIAL | ALK SIR,16:04,https://www.youtube.com/watch?v=92Pol5z76Hk
üî• CATS LAST LAP- 2023! | BEST REVISION PLAN For JEE ADVANCED 2023 | ABJ Sir,26:01,https://www.youtube.com/watch?v=zj6JHzrR54M
Dropper's Chapter Sequence for Chemistry | IIT JEE 2024 | Chapter Plan For Repeater | ALK SIR,12:15,https://www.youtube.com/watch?v=WKzGbRSSLaI
Dropper's Chapter Sequence for Physics | JEE 2024 | IIT Advanced | Chapter Plan For Repeater|ABJ SIR,19:19,https://www.youtube.com/watch?v=fYDzBvI3qxQ
üöÄ Announcing PRAVEEN 2 OFFLINE | PRAVEEN-VII Online| JEE 2024 Preparation | DROPPERS SPECIAL |MT Sir,28:03,https://www.youtube.com/watch?v=43F967ghTL8
JEE Advanced 2023 Form Filling-MOST ASKED QUERIES! | 12th Appearance | Documents |ALL DOUBTS CLEARED,5:38,https://www.youtube.com/watch?v=MAeK6qfVrRM
How To Fill JEE ADVANCED FORM 2023 | JEE Advanced Form Filling 2023 | JEE Advanced Registration 2023,6:03,https://www.youtube.com/watch?v=nGabTnTUALI
JEE Main Result OUT 2023! | JEE Advanced CUT OFF 2023 |,4:34,https://www.youtube.com/watch?v=YOUv9oWZTtQ
My Call with NTA on 26th April for JEE Main 2023 April Result | JEE Result,1:03,https://www.youtube.com/watch?v=G6ZI-BBmsP0
Glimpses of KOTA Meetup | 23-04-23 |Team Competishun,1:01,https://www.youtube.com/watch?v=xVNKJTz48Pc
"üöÄ MOST Effective, Personalized & Systematic Online BATCHES For IIT JEE 2024 üî•üî• | ALK Sir",17:54,https://www.youtube.com/watch?v=RpvX-nsYoig
Kota Meet Up with Team Competishun on Sunday 23-4-23 in City Mall|11am-8 pm| IIT-JEE Main & Advanced,1:15,https://www.youtube.com/watch?v=_a1uMLwYYD4
Drop Year can CHANGE Your LIFE! üî•| Should I DROP For JEE 2024 Now? | How To Decide? ü§î | ABJ Sir,31:15,https://www.youtube.com/watch?v=2RikegNZUzI
Top 7 IISER's üî•! BEST RESEARCH INSTITUTES in India | IISER Exam Information- 2023 | IAT 2023,26:03,https://www.youtube.com/watch?v=GCNazTPhouU
üìä üìù MATHEMATICS PAPER ANALYSIS of JEE ADVANCED- Last 17 Years | JEE Mathematics Analysis | MT Sir,25:36,https://www.youtube.com/watch?v=iB9RgxbHMTs
üöÄ Announcing PRATHAM Online & Offline Batches | For X to XI Moving Students | JEE 2025 | MT Sir,13:39,https://www.youtube.com/watch?v=4tgI1v0pPeU
MARKS vs PERCENTILE JEE Mains 2023 APRIL Attempt! üî•üî•üî• | ABJ Sir,7:02,https://www.youtube.com/watch?v=37jcEtkBMD4
üìä üìù CHEMISTRY PAPER ANALYSIS of JEE ADVANCED- Last 17 Years | JEE Chemistry Analysis,39:55,https://www.youtube.com/watch?v=jQNA9U7j16Y&pp=0gcJCYsJAYcqIYzv
JEE Advanced 2023 CUTOFF PERCENTILE! üî•üî•üî• | Category Wise | ABJ Sir,4:32,https://www.youtube.com/watch?v=rZAcynzWb0c&pp=0gcJCYsJAYcqIYzv
"üöÄ MOST Effective, Personalized & Systematic DROPPER BATCH For IIT JEE 2024 üî•üî• | Mohit Tyagi Sir",1:09:31,https://www.youtube.com/watch?v=sNrbtqrt2Js
üìä üìù Physics Paper Analysis of JEE Advanced- Last 17 Years | JEE Physics Analysis | ABJ Sir,28:53,https://www.youtube.com/watch?v=E8kMcA6lcfA
üöÄ Announcing PRAVEEN 1 OFFLINE | JEE 2024 Preparation | DROPPERS SPECIAL | Mohit Tyagi Sir,9:51,https://www.youtube.com/watch?v=AHcvbJx_eEg
Solving IIT JEE Adv'22 Column Matching Que with options only üî•üî•| Super short Trick | Probability,2:40,https://www.youtube.com/watch?v=E3A3TfANp7o&pp=0gcJCYsJAYcqIYzv
How to EXCEL in JEE MAIN 2023 2nd ATTEMPT! | ABJ Sir,17:44,https://www.youtube.com/watch?v=MMttqyXf0OM
üî• HOW to Study FREE from our YouTube Channel | JEE 2025 | Chemistry | Chapter Sequence | ALK Sir,12:52,https://www.youtube.com/watch?v=zzkYJweQoG0
üöÄ Announcing PRATHAM-II Online Batch | X to XI Moving Students | JEE 2025 | Mohit Tyagi Sir,1:01:40,https://www.youtube.com/watch?v=nl3QMMttelo
üî• How To Prepare For JEE 2024! |üéØ 11+12 In One Year | Complete Roadmap for JEE 2024 |Mohit Tyagi Sir,28:38,https://www.youtube.com/watch?v=A5oyKtI5EdE
"üöÄ MOST Effective, Personalized & Systematic DROPPER BATCH For IIT JEE 2024 üî•üî• | Mohit Tyagi Sir",1:01:05,https://www.youtube.com/watch?v=ticiprbB4Yc
"üöÄ MOST Effective, Personalized & Systematic DROPPER BATCH For IIT JEE 2024 üî•üî• | Mohit Tyagi Sir",59:59,https://www.youtube.com/watch?v=9nB-RX6SRWc
üöÄ Announcing PRAKHAR STAR OFFLINE | XI to XII Moving Students | JEE 2024 | Mohit Tyagi Sir,36:09,https://www.youtube.com/watch?v=4TDwXoq70R4
üöÄ Announcing PRATHAM STAR OFFLINE | X to XI Moving Students | JEE 2025 | Mohit Tyagi Sir,34:20,https://www.youtube.com/watch?v=ZQThoIUK1LM
Free Access of CATS COURSE  For JEE Advanced 2023 | Form Link in the Description,2:24,https://www.youtube.com/watch?v=GTKxrNS3J8w
"üöÄ MOST Effective, Personalized & Systematic DROPPER BATCH For IIT JEE 2024 üî•üî• | Mohit Tyagi Sir",57:48,https://www.youtube.com/watch?v=VkjhvUrN-ok
üî• HOW to Study FREE from our YouTube Channel | JEE 2025 | Physics | Chapter Sequence | ABJ Sir,9:49,https://www.youtube.com/watch?v=6FwniEkTc1w
"INAUGURAL CEREMONY of Competishun NEW OFFLINE CENTRE at GOPALPURA, JAIPUR! | Team Competishun",1:25,https://www.youtube.com/watch?v=xAWk0Vo2IK4
Announcing BITSAT BOOSTER 2023 || The Most Systematic Design Course For BITSAT 2023 || Competishun,7:15,https://www.youtube.com/watch?v=chNhnRtxqo0
üî• JEE 2025: Watch THIS If YOU are Preparing for IIT JEE! | A Complete Road map | Mohit Tyagi Sir,1:00:33,https://www.youtube.com/watch?v=Tw5IgPt5S8c
"Know all about MHTCET exam 2023, Eligibility, Syllabus, Exam Pattern, Form Date",8:51,https://www.youtube.com/watch?v=yewbOOUtsdA
üî•  2024- Your JOURNEY to BECOME IITan starts NOW! | JEE 2024 Preparation | DROPPERS SPECIAL,1:13:50,https://www.youtube.com/watch?v=Yhi3PUD05vQ
How To Prepare For JEE 2024! | 11+12 In One Year | Complete Strategy | Mohit Tyagi Sir,34:31,https://www.youtube.com/watch?v=l1CNQFa80ho
üî• Complete Roadmap For JEE 2024! | BEST Preparation Time Table For JEE 2024 | Mohit Tyagi Sir,59:56,https://www.youtube.com/watch?v=ZzA1gy6XrhA
Can I Get Under 1000 Rank in Drop year | Droppers Preparation Mantra #dropper #jeepreparation,0:48,https://www.youtube.com/watch?v=Z1ZMQQFy6Pk
"Indian Statistical Institute Eligibility, Exam Pattern, Syllabus, Placements, Admission | Rohit Soni",16:46,https://www.youtube.com/watch?v=16PRdBcoUWI
Best Strategy for JEE Droppers | Get Top 500 Rank in IIT in a Drop Year | IIT JEE 2024 | Mohit Tyagi,15:05,https://www.youtube.com/watch?v=3yJP7GBGixc&pp=0gcJCYsJAYcqIYzv
NTA Important NOTICE: Form Correction | JEE Main 2023 BOTH Sessions | ABJ Sir,3:25,https://www.youtube.com/watch?v=qdOR-XyjQHo
When I  raided a room in IIT Bombay Campus,1:31,https://www.youtube.com/watch?v=wamKjCNVWAg
Should I take drop for JEE 2024 or Prep for JEE Main April Attempt | Mohit Tyagi,8:25,https://www.youtube.com/watch?v=YNzV3HY69BI
"Free Access of C¬≥ , CHAMP & CATS Batches for IIT JEE Main + Advanced 2023",4:03,https://www.youtube.com/watch?v=oAWQtI7aqYA
Best Strategy for JEE Advanced I Test Analysis Strategy I Dil Ki Baat WIth Mohit Tyagi Sir #iitjee,2:19,https://www.youtube.com/watch?v=0SEfRZivtUg
Thanks to all students üôè | Title Change Issue Resolved 100% | Big thanks to our Team,2:19,https://www.youtube.com/watch?v=XH2eSgli8e8
Chapter sequence class 12 for JEE 2024 and NEET 2024,10:39,https://www.youtube.com/watch?v=C0YB6W-BIws
Title Change issue with our Channel | Full content is available | Keep Studying,1:30,https://www.youtube.com/watch?v=d4N0qWJxdJo
Inpiration For IIT JEE Aspirants I DIl ki Baat with Legendary IITian I Abj Sir,2:00,https://www.youtube.com/watch?v=k_reIQYRQd8
Most Inspiring & Interesting JEE Aspirant Journey I Dil Ki Baat With Mohit Tyagi Sir #iitbombay,2:35,https://www.youtube.com/watch?v=Sxg5Z2S9qbQ
Quick Shot Tutorial for JEE Mains I Be Ready in a Flash with Legendary IITian #shorts #jeeprep,0:13,https://www.youtube.com/watch?v=BMvEJqS762w&pp=0gcJCYsJAYcqIYzv
How To Plan For JEE 2024 | BEST Study Plan for JEE 2024 | BEST Strategy for JEE 2024 |  ABJ SIR,14:18,https://www.youtube.com/watch?v=XaGgCRM1eXw
Huge Rank Jump I 30000 in JEE Mains to CRL 8250 Advanced 2022 I Dropper #jeeadvanced #jeemains #iit,1:06,https://www.youtube.com/watch?v=gzzhUAR1kZg
How I manage JEE Advanced after my JEE Mains First attempt I Competishun CATS 2022 #jeeadvanced #jee,1:03,https://www.youtube.com/watch?v=8eJMjIbV684
Tips to Improve Rank in JEE I Ashwani from IIT Bombay I Dil Ki Baat With Mohit Tyagi Sir #iitbombay,1:53,https://www.youtube.com/watch?v=8HWO1iCSaxY
Is it Worth to take a Drop for JEE I Dropper's Dilemma I Dil Ki Baat with Abj Sir #abj  #iitbombay,2:05,https://www.youtube.com/watch?v=mSkioi_bEPk
JEE Mains Form Filling 2023 Address | JEE Mains 2023 Session 2 Registration | ABJ Sir,6:11,https://www.youtube.com/watch?v=h1OuqHQgBwI
JEE Main April Attempt  Rank Booster Batch I ‡§™‡§∞‡§æ‡§ï‡•ç‡§∞‡§Æ Batch Details #jee2023 #jeemains #jeemain #jee,8:04,https://www.youtube.com/watch?v=_xtroGM_LxM
Parakram Teaser I Full Batch Detail I Free YouTube Batch for JEE Mains April Session #jeemains2023,0:43,https://www.youtube.com/watch?v=1DRw-zO32wg&pp=0gcJCYsJAYcqIYzv
üöÄ Announcing the MOST Effective & Customised ONLINE Batches For IIT- JEE Main 2023 | ABJ SIR üî•üî•,6:06,https://www.youtube.com/watch?v=g7jSyenOdQs
Admission closed for CATS Offline batch for IIT JEE 2023 main & advanced rank boosting course,1:26,https://www.youtube.com/watch?v=5imu4mlWDFo
üöÄ Announcing the MOST Effective EARLY ONLINE Batch For IIT JEE 2024 üî•üî• | ABJ Sir,5:16,https://www.youtube.com/watch?v=5sY0_I42XLY
"Launching CATS Offline | Free Food, Hostel and Batch for 99 percentile Students | Limited Seats",16:47,https://www.youtube.com/watch?v=U3P_vP6shac
How To BALANCE Between JEE MAIN & JEE ADVANCED 2023 | ABJ Sir,12:03,https://www.youtube.com/watch?v=kN_q3g4Fpmc
How To Prepare For JEE Mains 2023 APRIL ATTEMPT! | ABJ Sir,12:05,https://www.youtube.com/watch?v=GISw9qlP4s4
üî•üî• BEST Strategy For JEE Main April Attempt & JEE Advanced 2023 | Mohit Tyagi Sir,16:34,https://www.youtube.com/watch?v=79V5KvMwid4
"What Kept you Going if you are Scoring Low marks, Aryan-IIT B l Dil Ki Baat With Mohit Tyagi Sir#iit",1:47,https://www.youtube.com/watch?v=IMM51Oyf304
Students Rocked üï∫ NTA Shocked üò± Solving JEE Main 2023 Que in 10 secüî•üî• by exploiting options ‚ö°‚ö°,0:36,https://www.youtube.com/watch?v=Gf5MnDcRs9g
Solving Lengthy Matrix JEE MAIN 2023 que in 10 sec| Super Trick without using pen by Mohit Tyagi,3:56,https://www.youtube.com/watch?v=tFBd0DmUY5o
üî• Boost your Preparation for April Attempt | JEE Main & Advanced 2023 | New Batch Starts 6th Feb,12:39,https://www.youtube.com/watch?v=2_GwyO0dBec
üî• JEE MAIN ANSKER KEY 2023 | ‚úÖ How To Challenge JEE Main Answer Key 2023 | NTA Notice,2:12,https://www.youtube.com/watch?v=SS2xtnXmKvc
"All About BITSAT 2023 | BITSAT 2023 Preparation Tips | Exam Pattern , Eligibility Criteria , Cutoff",19:07,https://www.youtube.com/watch?v=5pr1nvJIOPI
JEE Main 2023 April Strategy | How to Prepare for JEE Main 2023 April Attempt! | Mohit Tyagi Sir,14:54,https://www.youtube.com/watch?v=kIHO3czHBLI
JEE Main 2023 Chemistry Question Paper Solutions | 24th Jan Shift 2 | Memory Based Questions,27:12,https://www.youtube.com/watch?v=BGYlqVzFr0c
JEE Main 2023 Chemistry Question Paper Solutions | 25th Jan Shift 1 | Memory Based Questions,21:44,https://www.youtube.com/watch?v=Ug4kGXvHLVg
JEE Main 2023 Physics Question Paper Solutions | 25th Jan Shift 2 | Memory Based Questions,1:13:34,https://www.youtube.com/watch?v=XK08sITzXfk
JEE Main 2023 Mathematics Question Paper Solutions | 25th Jan Shift 2 | Memory Based Questions,35:02,https://www.youtube.com/watch?v=5GICcoTw5Fk
JEE Main 2023 Chemistry Question Paper Solutions 25th Jan Shift 2  Memory Based Questions I,22:42,https://www.youtube.com/watch?v=PFZoiBL1YHE
I changed to JEE Prep after 1 year | Listen to this awesome story with MT Sir in IIT Bombay Campus,1:37,https://www.youtube.com/watch?v=sksgPUObwxI
JEE Main 2023 Mathematics Question Paper Solutions | 25th Jan Shift 1 | Memory Based Questions,1:04:32,https://www.youtube.com/watch?v=53gKfII3zQA
JEE Main 2023 Physics Question Paper Solutions | 25th Jan Shift 1 | Memory Based Questions,56:02,https://www.youtube.com/watch?v=xu_QCxngY_c&pp=0gcJCYsJAYcqIYzv
JEE Main 2023 Physics Question Paper Solutions | 24th Jan Shift 2 | Memory Based Questions,53:06,https://www.youtube.com/watch?v=FOwMWik7zP0
JEE Main 2023 Chemistry Question Paper Solutions | 24th Jan Shift 1 | Memory Based Questions,24:56,https://www.youtube.com/watch?v=LlqZlI51Fpo
IMPORTANT Observations of IIT JEE Main 2023 Paper (January Attempt) | Mohit Tyagi Sir,1:57,https://www.youtube.com/watch?v=bd5xz5oNFCg
JEE Main 2023 Mathematics Question Paper Solutions | 24th Jan Shift 2 | Memory Based Questions,29:54,https://www.youtube.com/watch?v=AxUKTvBdOSY
JEE Main 2023 Mathematics Question Paper Solutions | 24th Jan Shift 1 | Memory Based Questions,38:20,https://www.youtube.com/watch?v=Snd2QlHM4kA
JEE Main 2023 Physics Question Paper Solutions | 24th Jan Shift 1 | Memory Based Questions,43:19,https://www.youtube.com/watch?v=Tbtpn3unhxI
Quick Paper analysis of JEE MAIN 2023| 24-1-23(Session -1)Toughness & weightage of different chapter,1:17,https://www.youtube.com/watch?v=TjW6NG86Fw8
All the best for JEE main 2023| 24 January morning shift| 1st day 1st show,0:12,https://www.youtube.com/watch?v=HOfQ_PVD9SI
Avoid These Mistakes üö´üö´‚ùå‚ùå in IIT JEE Main 2023 (Jan attempt) by Mohit Tyagi #jeemains2023,1:52,https://www.youtube.com/watch?v=fVS067X_6m0
Yash Agarwal- Messed up in Mains  I Competishun CATS & CHAMP 2022 I AIR 7863  I #mohittyagi #shorts,1:38,https://www.youtube.com/watch?v=Nlz6jWmFvb4
JEE Mains Admit Card 2023: Explained All IMPORTANT Instructions | Documents To Carry | ABJ Sir,6:08,https://www.youtube.com/watch?v=nfD779FU-Zw
Important short-cut for Set Related Probability question for IIT JEE Mains 2023  exam sessions 1 & 2,8:40,https://www.youtube.com/watch?v=QieEUHrVACo
10 MOST IMPORTANT REACTIONS OF NCERT | Riya Ma'am,8:44,https://www.youtube.com/watch?v=3tjDLQY_jus
üî• FREE Open Test for JEE Main 2023 First Session | MY JEE Test-II |Must Attempt Before JEE Main Exam,2:18,https://www.youtube.com/watch?v=VUAfYhQocjM
üöÄ Announcing the MOST Effective EARLY ONLINE/OFFLINE Batches For IIT- JEE 2024 üî•üî• | Mohit Tyagi Sir,17:32,https://www.youtube.com/watch?v=emNfB7Xj1Q8
üî•üî• JEE Main 2023 Latest Update | Admit Card | Practical Exam | Exam City Information,1:35,https://www.youtube.com/watch?v=TtSOqrf5dik
IMPORTANT REACTIONS | Must Watch Before JEE Main Exam | Qualitative Analysis | Riya Ma'am,8:56,https://www.youtube.com/watch?v=3e8xGXn9vIo
Very Important concept through Previous Years Question for IIT JEE Main 2023 |Most probable Ques PYQ,9:41,https://www.youtube.com/watch?v=f8h7nanJd34
How To Make CORRECTION in JEE Mains Application Form | JEE Main 2023,2:27,https://www.youtube.com/watch?v=sPARU19QvCk
IMPORTANT Experimental Concepts of Chemistry | Must Watch Before JEE Main 2023 Exam! |,22:57,https://www.youtube.com/watch?v=Ls34ToEbotc
üöÄ Announcing the Most Effective Early STAR Batch For IIT- JEE 2025 üî•üî• | Mohit Tyagi Sir,9:49,https://www.youtube.com/watch?v=St-LB9MRwOU
Ayush Mishra Jumped 6000+ rank from Mains to Advanced,1:04,https://www.youtube.com/watch?v=wQV7ggnqU-A
JEE Main 2023 | Last Moment How to do inorganic revision by Alok Sir | ALK Sir,1:32,https://www.youtube.com/watch?v=eik-Jz1JV34
Man Vs God 2 | Can you figure this out | Infinite Solution of a series upto Infinity,2:31,https://www.youtube.com/watch?v=tMgJAq3gyUo&pp=0gcJCYsJAYcqIYzv
üöÄ BEST ONLINE COURSE For XI to XII Moving Students | Target JEE MAIN and ADVANCED 2024 | PRAKHAR-I üî•,26:58,https://www.youtube.com/watch?v=yTfL3VPxUG8
I met the revolutionary IITian Abhishek Dhandharia of About films | IITians making big in Movies,17:07,https://www.youtube.com/watch?v=edGrQGNVGiM
"üöÄ MOST Effective, Personalized & Systematic DROPPER BATCH For IIT JEE 2024 üî•üî• | Mohit Tyagi",20:34,https://www.youtube.com/watch?v=xOf1StCqWb0
Think Different Podcast with Web-Series Director Abhishek Dhandharia of IIT-K | Trailer | ABJ Sir,0:30,https://www.youtube.com/watch?v=Tr4O9SwUhDQ
üî• Announcing ùó©ùóúùóùùóòùóßùóî COURSE For Class XII CBSE BOARD by TOP FACULTIES! | #cbseboard2022_23,9:01,https://www.youtube.com/watch?v=vvnDk7EOfpo
Do This- ‡§ú‡•Ä‡§§ ‡§™‡§ï‡•ç‡§ï‡•Ä ‡§π‡•à  !!! 75 Criteria For JEE Mains 2023 | MUST WATCH | ABJ Sir,7:46,https://www.youtube.com/watch?v=0fRa-1q-Ug0
Man Vs God | Top JEE Advanced Batch students playing trick | Can you solve this? | #mohittyagi,1:09,https://www.youtube.com/watch?v=_N9JOeQSeak
WBJEE 2023 Application Form | WBJEE Form Fill up 2023 | WBJEE Registration 2023,4:51,https://www.youtube.com/watch?v=dqSTeyJz6WI
JEE Main 2023 Documents Required | GEN-EWS | OBC-NCL | Declaration Form | Improvement | Corrections,11:57,https://www.youtube.com/watch?v=rCiYB1LzvXo
We Demand | Remove 75% Criteria From #jeemain2023 | Postpone JEE,3:53,https://www.youtube.com/watch?v=Kp0dwnt1rRA
Only Rank Producing Crash Course For JEE Main | Best Crash Course For JEE Main 2023 First Attempt,13:07,https://www.youtube.com/watch?v=8SRAYuHzK-A
Shivam Dubey shares deep insights into JEE Advanced prep from CATS of Competishun,2:18,https://www.youtube.com/watch?v=yzokfD-deyA
JEE Main Form Fill up 2023 | JEE Main 2023 Application Form | JEE Main 2023 Registration,15:08,https://www.youtube.com/watch?v=dwnC0Vmtoo0
ABJ sir (IIT Delhi) wants you to achieve your best potential | QnA with Top Offline batch,4:38,https://www.youtube.com/watch?v=w47Ex1Gznbw
Announcing JEET SETU 2 | A Bridge Course For JEE/NEET | Neeraj Saini Sir,6:42,https://www.youtube.com/watch?v=nozksfoYIl8
Best strategy to solve JEE Main and Advanced Exam #askCompetishun,1:55,https://www.youtube.com/watch?v=pjbn-cc7xAs
Kota : The blunder of our lives | Must watch for JEE NEET Aspirant's Parents | Mohit Tyagi| JEE 2023,32:42,https://www.youtube.com/watch?v=MGrPu22HnE8
How To COMPLETE Class XI & XII Syllabus Effectively From Our YouTube Channel | JEE 2023/24 | ABJ Sir,10:55,https://www.youtube.com/watch?v=lIQyWOC7vGA
Legendary IITian wants you to Sleep Well | the habit that will get Under 100 in JEE Main & Advanced,1:58,https://www.youtube.com/watch?v=GxIq1O_tLhI&pp=0gcJCYsJAYcqIYzv
Anmol Kumar Sharma from Mathura improved his Maths for JEE and perfected his exam strategy,1:17,https://www.youtube.com/watch?v=jn4z1IXnN9s
"JEE Main 2023 Strategy | Every action should add value to your Rank, otherwise its a wasted effort",1:45,https://www.youtube.com/watch?v=mibksGqPUIA
Not able to solve easy Organic Questions? Here's the solution by Organic Chemistry Acharya NS Sir,2:27,https://www.youtube.com/watch?v=2qWjEN8dWBM
Don't waste a single second now | Rank under 1000 in JEE 2023 | #askcompetishun,1:54,https://www.youtube.com/watch?v=beNgfezckJw&pp=0gcJCYsJAYcqIYzv
99 Percentile in JEE Main using Fastlane as strategy | Right way to execute for Serious aspirants,1:34,https://www.youtube.com/watch?v=QrryNmhkQrQ&pp=0gcJCYsJAYcqIYzv
Mohit Tyagi sir rejects this question from #askCompetishun session,1:05,https://www.youtube.com/watch?v=S-T_cCAhJYs
JEE Rank under 1000 even after 120 Lectures backlog? Is it Possible | Mohit Tyagi,1:49,https://www.youtube.com/watch?v=3SEnv2_DBBE
Sarthak Warade jumped 1200 JEE rank from Main to Advanced with help of Team Competishun,1:42,https://www.youtube.com/watch?v=Bp0POVV-b3s
ABJ sir (IIT Delhi) bashing Times of India and Zee News over JEE Dates,3:34,https://www.youtube.com/watch?v=Wyk3hhfUaWg
Amit Bijarnia Sir taking Funny QnA from JEE Top Offline Batch,2:15,https://www.youtube.com/watch?v=U6NsfUEOMkk
Mohit Tyagi sir warns about this Telegram Habit in #askCompetishun doubt session,1:19,https://www.youtube.com/watch?v=Hf2el4bjZxM
Legendary IITian ABJ Sir wants you to build this habit for JEE 2023 in 62 secs,1:02,https://www.youtube.com/watch?v=5kUedtZSqnE
How To Concentrate On Studies For Long Hours | Simple Tips to Focus On Studies | ABJ Sir | JEE 2023,7:38,https://www.youtube.com/watch?v=OXDVp4ddxOA
JEE Prep Vs Winters | What should we do | #askcompetishun,2:08,https://www.youtube.com/watch?v=iVME5EPFX_I
Syllabus for JEE is 80-90% Complete? Do this to boost IIT Rank | Mohit Sir launches Iconic CATS,1:07,https://www.youtube.com/watch?v=WOa5byhskPo
MT Sir helps to not be anxious for JEE Dates  #askcompetishun,1:19,https://www.youtube.com/watch?v=nVEgK1lXAEw
"Mohit Sir answers the most asked doubt in JEE 2023 : ""JEE Date Kab hai sir""",1:36,https://www.youtube.com/watch?v=hUx3KwEhNqA
Class Notes are the best notes for JEE Mains,1:04,https://www.youtube.com/watch?v=kLgZ6sqsVns
Do this to your Phone right now.,1:04,https://www.youtube.com/watch?v=ynbeyQFhLw8
Inside IIT Bombay,5:16,https://www.youtube.com/watch?v=nL8GUwfaSUo
Is Study Material sufficient to crack Jee 2023?,3:40,https://www.youtube.com/watch?v=tP6PXwBaMdc
Checklist and Helpline before Jee Mains Exam Date 2023!,3:09,https://www.youtube.com/watch?v=ALKMbTGNZo4
IIT-JEE TOP 100 Rank - Study Material Details | Are you on the right path?,2:30,https://www.youtube.com/watch?v=pFfNLSLj1o8
Taarak Mehta ya Web Series dekhne se JEE Preparation par kya farak padega? | Mohit Tyagi Sir answers,10:45,https://www.youtube.com/watch?v=Mr9UFC3lKto
Kam time me lectures kaise complete kare? | Get answers to your queries from Sir Mohit Tyagi,10:58,https://www.youtube.com/watch?v=PwFnV1ZXlq8
JEE Preparation late start karne pe bhi selection ho sakta hai kya? | Mohit Tyagi Sir answers doubts,9:02,https://www.youtube.com/watch?v=_a0_lvwTEqU
Kya ek Weak Subject aapka JEE Selection dooba sakta hai? | Mohit Sir answers students' video doubts,12:13,https://www.youtube.com/watch?v=HTXx51nFpLs
Announcing ùóùùóòùóòùóß-ùó¶ùóòùóßùó® 2023 | A Bridge Course For JEE/NEET | Mohit Tyagi,14:43,https://www.youtube.com/watch?v=1qwhvF_Vahc
Pre-Boards ke saath JEE Mains ki Preparation kaise manage kare? | Mohit Tyagi Sir answer your doubts,8:59,https://www.youtube.com/watch?v=nkYPDBfG6VE
Most POWERFUL Motivation For IIT-JEE / NEET | ABJ Sir,4:55,https://www.youtube.com/watch?v=FiaLAgM_Xgw
JEE expected date kya hai sir? | Mohit Tyagi Sir tackles personal fears and doubts of JEE aspirants,9:09,https://www.youtube.com/watch?v=PQd-vWbuQ0w
Mohit Tyagi answers video Doubts of students personally | Must watch for JEE Main Aspirants,5:05,https://www.youtube.com/watch?v=PdLDIyDQYTs
Legendary IITian bets his life on this JEE Main 2023 Prep Strategy | #askcompetishun | #mohittyagi,1:04,https://www.youtube.com/watch?v=seFDQjvhgX4
YouTube Video Doubt Answers by #mohittyagi for JEE Mains and Advanced Prep 2023,5:52,https://www.youtube.com/watch?v=iSvzjtiCFzI
After how long should I look at the solution of a question JEE Main Advanced 2023  #mohittyagi,3:47,https://www.youtube.com/watch?v=Q9C-QvLgBf4&pp=0gcJCYsJAYcqIYzv
Physics All Chapter Score Calculation for JEE Mains 2023 by ABJ Sir | #MohitTyagi,7:25,https://www.youtube.com/watch?v=EF1elFKhtK4
Inorganic Chemistry All Chapters score calculation JEE 2023 | #mohittyagi,5:49,https://www.youtube.com/watch?v=X5esqkpq2Qc
Physical Chemistry All Chapters score tracking | JEE 2023 #MohitTyagi,5:38,https://www.youtube.com/watch?v=_1nwCbekQ3Q
JEE 2023 Video Doubt Series #MohitTyagi #AskCompetishun | Create your video & get ans from IITians,10:26,https://www.youtube.com/watch?v=6YEWgY19Kvo
As Promised by Mohit Tyagi Sir | JEE 2023 Youtube Video Doubts by Students | Kaun Banega IITian 1,10:19,https://www.youtube.com/watch?v=j-c7spM0XFU
Biggest Gift For All JEE/NEET 2023 Aspirants | True Revolution | Use #mohittyagi #askCompetishun,2:21,https://www.youtube.com/watch?v=rGYbJ9OZAqc
Can JEE aspirants utilize 100% of their time? (Fast 2 Step Strategy ) | JEE Main 2023 | #MohitTyagi,5:14,https://www.youtube.com/watch?v=7HFewuUDQbs
Crack JEE 2024 (XI to XII moving students) | Do full syllabus in 1 year | JEE 2024 Prep| Mohit Tyagi,49:20,https://www.youtube.com/watch?v=bBB5Zr7RQg0
Best Revision Course üî• For JEE Main 2023 | CHAMP-2023 | Mohit Tyagi Sir,20:13,https://www.youtube.com/watch?v=SkzCu-Ljmb8
JEE 2023 Expected Date | Mohit Tyagi IITian explains JEE checklist,6:57,https://www.youtube.com/watch?v=rtn1ut72x2I
JEE MAIN 2023 Biggest Course Ever | Mohit Tyagi | Crash Course Trailer | IC3 | Revision Revolution,2:05,https://www.youtube.com/watch?v=5BoLz1ryrBQ
JEE Main 2023 Organic Chemistry | JEE Prep level | Track your Rank | Mohit Tyagi Organic Chemistry,5:33,https://www.youtube.com/watch?v=mWwHZlMoaKw
Mission JEE 2023 Resumes| Give your best in next 6 Months | Mohit Tyagi Mathematics | JEE Main 2023,1:39,https://www.youtube.com/watch?v=Oq3_Lk2MF6g
Deepawali Poojan at Competishun office| Wishing you all a very happy and prosperous Diwali,1:26,https://www.youtube.com/watch?v=MbS-mIkzADw
JEE 2023 Maths Preparation level Meter | Track your preparedness level | Mohit Tyagi,6:38,https://www.youtube.com/watch?v=mbNDA8ScLvo
JEE Main 2023 | Should You Study Or Enjoy Holidays?  November Strategy for Toppers | Mohit Tyagi,2:29,https://www.youtube.com/watch?v=2XSM6SrcmMM
Dates of Physical Reporting in NITs | Online Reporting | Fee Payment | Rohit Sir,9:32,https://www.youtube.com/watch?v=3ATklQoYn1s
üé§ Success Mantra From JEE Advanced 2022 Topper (AIR-254) | Tulasi Ashok | MT Sir,7:49,https://www.youtube.com/watch?v=N2a_ZoXNNOE
Dates of Physical Reporting in IITs | Online Reporting | Fee Payment | Rohit Sir,9:55,https://www.youtube.com/watch?v=jU5tYQvOOj0
üé§ Success Mantra From JEE Advanced 2022 Topper (AIR-393) | Saksham Saldi | Alok Kumar Sir,6:01,https://www.youtube.com/watch?v=0a6ZzJmFLFo
Partial Admission FEE In JoSAA 2022 | Rohit Sir,7:17,https://www.youtube.com/watch?v=hU-DjbuSiC8
üèèCompetishun Cricket League-2022 | üèÜ #CCL2022 | Team Competishun,1:42,https://www.youtube.com/watch?v=nq4Qj9m--Ow
JEE 2023 Preparation Ruined? Can I Still CRACK JEE Mains | DETAILED STRATEGY & ROADMAP | Mohit Tyagi,1:02:12,https://www.youtube.com/watch?v=Ipzh_KeL8m0
üé§ Success Mantra From JEE Advanced 2022 Topper (AIR-215) | Harshit Srivastava | Study Tips | MT Sir,22:13,https://www.youtube.com/watch?v=_PxdndJllUI
üé§ Success Mantra From JEE Advanced 2022 Topper (AIR-495) | Dhruv Malhotra | Alok Kumar Sir,10:18,https://www.youtube.com/watch?v=mk6wULVrHoM
JEE Adv. 2022 Topper Interview (AIR-531) Abheek Gera (Mohit Sir)| Is YouTube sufficient 4 Selection?,35:04,https://www.youtube.com/watch?v=Rn57IGz7ing
üé§ Success Mantra From JEE Advanced 2022 Topper (AIR-770) | Subhankar Banerjee | Alok Kumar Sir,13:39,https://www.youtube.com/watch?v=-34G9FgM4iE
üé§ Can a Dropper Get Top Rank In JEE Advanced ? | Must Watch For All JEE & NEET Aspirants | MT Sir,13:42,https://www.youtube.com/watch?v=SWs4w057QFg
JoSAA Counselling 2022: Offline Reporting-Complete Procedure | Rohit Sir,19:25,https://www.youtube.com/watch?v=uDmlqgry-yc
üèÜ ‡§ú‡§Ø‡§ò‡•ã‡§∑ (JaiGhosh) 2022  | JEE Advanced 2022 Result Success Celebration | Competishun,1:21:20,https://www.youtube.com/watch?v=jqIGfNkm00M
üèÜ ‡§ú‡§Ø‡§ò‡•ã‡§∑ (JaiGhosh)-2022 | Day-1 Celebration | JEE Advanced 2022,1:15:27,https://www.youtube.com/watch?v=z-gYjvFNatw
üèÜ ‡§ú‡§Ø‡§ò‡•ã‡§∑ (JaiGhosh) - TEASER-Day-2 üèÜ | IIT JEE Advanced 2022 Results- Success Celebration ‚úåÔ∏è | Day-2,2:35,https://www.youtube.com/watch?v=37US26PhTEk
üèÜ ‡§ú‡§Ø‡§ò‡•ã‡§∑ (JaiGhosh) - TEASER üèÜ | IIT JEE Advanced 2022 Results- Success Celebration ‚úåÔ∏è | Day-1,6:30,https://www.youtube.com/watch?v=MnoE2qAQA4I
Hypnotism at Jaighosh competishun,3:19,https://www.youtube.com/watch?v=fJqNQky6zc8
JoSAA 2022: Seat Withdraw | Exit Option | Fee Refund | Rohit sir,18:20,https://www.youtube.com/watch?v=xXfS1T_ywxE&pp=0gcJCYsJAYcqIYzv
"üöÄ MOST Effective,  Personalized & Systematic Dropper Batch For IIT JEE 2023 üî•üî• | ABJ Sir",10:25,https://www.youtube.com/watch?v=vScFnvuQNsQ
JoSAA 2022: What To Do After Round 2 Result | Rohit Sir,5:48,https://www.youtube.com/watch?v=KEsym1baWG8
JoSAA 2022: What To Do After Seat Acceptance,5:42,https://www.youtube.com/watch?v=cWwIrmFX4LI
JoSAA Seat Acceptance 2022 | Complete Procedure | Rohit Sir,38:43,https://www.youtube.com/watch?v=80JpJQEib7M
What To Do After Mock 2 Result ? | JoSAA Counselling 2022,7:18,https://www.youtube.com/watch?v=zekDPCp6RoE
JoSAA Counselling Mock Seat Allocation 1 Released | JoSAA Counselling 2022 | ROHIT SONI,7:52,https://www.youtube.com/watch?v=dtfsE6OzX8c
üî•üî• CSAB Counselling 2022 | Eligibility | Registration | Fee Payment | Documents | Choice Filling,42:18,https://www.youtube.com/watch?v=PCtQnlq9tTo
JoSAA Counselling 2022: B Tech vs B Tech M Tech Dual and B Tech vs BS | Praveen Agrawal Sir,17:05,https://www.youtube.com/watch?v=AJ227q76ZrU
Know Your College IIT-Kanpur | Academics | Campus | Placements | Branch Change Rules,22:03,https://www.youtube.com/watch?v=1j13bePyDws
Should I DROP For JEE 2023 Now? | ABJ Sir,11:38,https://www.youtube.com/watch?v=HLIID-DDIUI
JoSAA Choice Filling 2022 | Complete Procedure Step by Step | Team Competishun,6:11,https://www.youtube.com/watch?v=L7dqplOGL-Y
ü§òCompetishun Rocks...!!!  In JEE Advanced 2022 Result...üèÜ Power of Real Gurusüí™,45:17,https://www.youtube.com/watch?v=IXhsO0FFRlI
JoSAA 2022 Complete Counselling Process by ABJ Sir,50:10,https://www.youtube.com/watch?v=afEH5Cuy9Dc
New Batch Announcement | Target JEE Main 2023 | My-PRABAL-III | Competishun | Rajat Jain Sir,12:57,https://www.youtube.com/watch?v=PrDK2MKtv50
JoSAA Counselling Documents Required 2022 Complete List,17:28,https://www.youtube.com/watch?v=o1CYkNnW0vE
ü•≥ Celebrating Teacher's Day 2022 | Team Competishun,4:08,https://www.youtube.com/watch?v=eIt9Z0LtTXE
IIST Admission Process 2022 | Important Dates | Courses | Fee | Placement | Cutoff | Seat Matrix,18:15,https://www.youtube.com/watch?v=IQbY8YSKYNk
All About NIT Warangal | Recruiters | Placements | Fee,31:46,https://www.youtube.com/watch?v=K8moyIOEsmc
All About IIT DELHI | Opening & Closing Ranks | Campus Glimpse,18:40,https://www.youtube.com/watch?v=V36Pe8Yob3w
GAP CERTIFICATE FOR JEE MAINS 2022? WHO NEEDS A GAP CERTIFICATE? HOW TO APPLY and WHERE,8:11,https://www.youtube.com/watch?v=Nayh0Z5unRc
JoSAA Counselling 2022 : CSE v/s Other Core Branches,14:03,https://www.youtube.com/watch?v=alyuvI22FjA
All about NIT Rourkela | Recruiters | Placements,24:49,https://www.youtube.com/watch?v=DiBSPVrpsBs
All IITs NITs IIITs and GFTIs Closing Ranks - JoSAA 2021 Open (General) Category,1:37:03,https://www.youtube.com/watch?v=eZP8NIRz8WM
All about MNNIT Allahabad | Recruiters | Placements,17:27,https://www.youtube.com/watch?v=48ccguK-fCI
All about SVNIT Surat | Placements | Recruiters,20:04,https://www.youtube.com/watch?v=YGvG9hGmV50
"JoSAA Seat Allotment 2022 | Freeze, Float And Slide Option (FULL GUIDE)",20:08,https://www.youtube.com/watch?v=io4IGhB6QjQ
All about NIT Calicut | Placements | Recruiters,22:00,https://www.youtube.com/watch?v=Msz878hYddM
Know All About MNIT Jaipur | Jagveer Sir,19:58,https://www.youtube.com/watch?v=SHYqitEVLnY
JEE Advanced 2022 Maths Paper 2 Solutions,1:49:47,https://www.youtube.com/watch?v=3AeoKjegNK4
JEE Advanced 2022 Physics Solutions Paper 1,2:24:43,https://www.youtube.com/watch?v=djYtBUuy5Hk
JEE 2023 üéØ Complete Strategy & Roadmap | Explained My-PRAVEEN-XII-Fast Lane ‚è©,37:47,https://www.youtube.com/watch?v=IZejyxFpwKM
JEE Advanced 2022 Maths Solutions Paper 1,1:54:23,https://www.youtube.com/watch?v=3koJf4eBU34
JEE Advanced 2022 Chemistry Solutions Paper 1,1:12:31,https://www.youtube.com/watch?v=SExrwbPqpdQ
JEE Advanced 2022 Chemistry Solutions Paper 2,1:00:06,https://www.youtube.com/watch?v=CgjQnpFMnIE
Solving IIT JEE Adv 2022 Que under 30 secüò±üò±using Trick/Shortcut,7:23,https://www.youtube.com/watch?v=7fAhhofYnMs
All the Best for JEE Advanced 2022 üëç | Team Competishun,9:39,https://www.youtube.com/watch?v=lOip0lLEIvs
JEE Advanced 2020 Maths Solutions Paper 2,1:11:26,https://www.youtube.com/watch?v=zBAF-9clQZI
JEE Advanced 2018 Physics Paper 2 Solution by Sachin Sir,1:45:35,https://www.youtube.com/watch?v=ih7qgc7A8hw
JEE Advanced 2020 Maths Solutions Paper 1,1:30:43,https://www.youtube.com/watch?v=QqnaM4z4Dj8
JEE Advanced 2022 Admit Card: Explained All IMPORTANT Instructions | Documents To Carry | ABJ Sir,7:51,https://www.youtube.com/watch?v=NbQL5BQrmiI
"BITSAT Counselling 2022 | How To Choose BRANCH, CAMPUS of BITS Colleges | Jagveer Sir",7:06,https://www.youtube.com/watch?v=fQcTC7uPxts
JEE Advanced 2015 Maths Solutions Paper 2 by Rohit Soni Sir,1:43:41,https://www.youtube.com/watch?v=5NSKIwzswAI
Happy independence day everyone | lets pledge to serve the nation in all our capacities,1:24,https://www.youtube.com/watch?v=KcBcjGf5ahs&pp=0gcJCYsJAYcqIYzv
üöÄ MOST Effective & Personalized Dropper Batch For IIT JEE 2023 üî•üî• | Mohit Tyagi,39:49,https://www.youtube.com/watch?v=Si_v5rBelLs
JEE Advanced 2015 Maths Solutions Paper 1 by Rohit Soni Sir,2:13:52,https://www.youtube.com/watch?v=WxZf-tNsQSE
NEET JEE Merge to CUET | UGC Proposal Pros and Cons,12:21,https://www.youtube.com/watch?v=dZBKZ_XePWY
How To Fill JEE Advanced Form 2022 | JEE Advanced Registration 2022 | JEE Advanced 2022 Form Fill up,5:13,https://www.youtube.com/watch?v=F4Gc9n4GGWU
JEE Advanced 2017 Chemistry Solutions Paper 1 by Riya Ma'am,48:47,https://www.youtube.com/watch?v=SqSs5Tqc2x8
JEE Advanced 2018 Physics Paper 1 Solution by Sachin Sir,1:23:13,https://www.youtube.com/watch?v=s9XLlzamkNk
JEE Advanced 2019 Physics Solutions Paper 1 by Sachin Sir,2:14:25,https://www.youtube.com/watch?v=F9HqLGLLGdI
IIT Madras B.S. in Programming and Data Science Degree | Complete Information,25:41,https://www.youtube.com/watch?v=pAYyuPKj6eI&pp=0gcJCYsJAYcqIYzv
JEE Advanced 2016 Maths Solutions Paper 2 by Rohit Soni Sir,2:05:47,https://www.youtube.com/watch?v=13tirym4lbs
JEE Main 2022 Over | What Next? | How to Prepare for JEE main 2023!,10:57,https://www.youtube.com/watch?v=-01cUG_zkhw
JEE Advanced 2017 Maths Solutions Paper 2 by Rajat Jain Sir,1:16:21,https://www.youtube.com/watch?v=eq0rJ8tVmaE
JEE Advanced 2019 Physics Paper 1 Solution by Sachin Sir,2:43:50,https://www.youtube.com/watch?v=iYH-AKI24Ic
JEE Advanced 2017 Maths Solutions Paper 1 by Rajat Jain Sir,1:25:12,https://www.youtube.com/watch?v=naJR0pyLwKE
JEE Advanced 2016 Maths Solutions Paper 1 by Rohit Soni Sir,1:56:49,https://www.youtube.com/watch?v=vUKiJCSTa3w
Important Update: CBSE Improvement Exam 2022 | Last Date 30-07-2022 |,11:34,https://www.youtube.com/watch?v=xprxbAhQrEs
What To Do In LAST ONE MONTH For JEE Advanced 2022 Preparation | Mohit Tyagi Sir,48:16,https://www.youtube.com/watch?v=XKmTxyXw0bI
üì¢ New Batch Announcement || Target: IIT-JEE 2023/2024 üéØ || PRAVEEN-X & PRATHAM-VIII,6:19,https://www.youtube.com/watch?v=hAnDNOYiN4g
ü§î Is 75% Mandatory ? IIT-JEE 2023 Eligibility Criteria | Competishun,11:22,https://www.youtube.com/watch?v=EOvM7Hmli-o
JEE Main Toughest Questions-MATHEMATICS | JEE Main 2022 June Attempt | Team Competishun,5:11:39,https://www.youtube.com/watch?v=PvRD7QttaA4
JEE Main Toughest Questions-Chemistry | JEE Main 2022 June Attempt | Team Competishun,1:23:46,https://www.youtube.com/watch?v=6wT6hTidEU0
üî•üî•üî• JEE Main 2022 June Result: PART-2 | Honest Reviews From Competishun's Enrolled Students,14:03,https://www.youtube.com/watch?v=23JI8hGZ5lM
JEE Main 2022 June Session- DETAILED EXPLANATION of Physics From Basics | Chapter Wise PYQs,9:46:40,https://www.youtube.com/watch?v=Ll9vOGXi1Jg
New Batch Announcement | Target: IIT-JEE 2023 | PRAVEEN-IX | Competishun | Mohit Tyagi,1:05,https://www.youtube.com/watch?v=Vv_MRhnMykg
JEE Main 2022 June Session Mathematics Solutions|Chapter Wise PYQs|DETAILED EXPLANATION|All Shifts,25:59:59,https://www.youtube.com/watch?v=INiqvVoVSvI
179 Competishun Champs Scored Over 99.0%tile in JEE MAIN - 2022 (JUNE ATTEMPT),4:36,https://www.youtube.com/watch?v=qjwJIoN8xbU
üÜì FREE Access of CATS-PLUS Course For 98%ile Above Achievers | Link In Description,6:24,https://www.youtube.com/watch?v=yR8ZL5dNDP8
ü§òü§ò ü§ò Competishun Rocks! JEE Main 2022 Result (JUNE)üèÜ | Power of Real Gurus üí™ | BEST Online Institute,17:05,https://www.youtube.com/watch?v=f9SkvoScYzg
New Batch Announcement | Target JEE Main 2023 | PRABAL-I | Competishun | Rajat Jain Sir,12:23,https://www.youtube.com/watch?v=vbRBdeKjhb8
JEE Main 2022 June Session- DETAILED EXPLANATION of Chemistry From Basics | Chapter Wise PYQs,6:48:28,https://www.youtube.com/watch?v=6-ESFV_PC_E
üöÄ MOST Effective & Personalized Dropper Batch For IIT JEE 2023 üî•üî• | ùó£ùó•ùóîùó©ùóòùóòùó° ùó¢ùóôùóôùóüùóúùó°ùóò-ùóúùóú | Mohit Tyagi,36:48,https://www.youtube.com/watch?v=ocswlh8zDbo
BEST Revision Course for JEE Advanced 2022 | All about CATS (Competishun Advanced Training Sessions),17:36,https://www.youtube.com/watch?v=Vp16us-EDA8
Quick Revision of PARABOLA | JEE Mathematics | JEE Mains 2022 | Competishun | Rohit Soni Sir,2:06:53,https://www.youtube.com/watch?v=Ws4VtGJ0-Lc
PRATHAM JEE 2024 Batch Full Details | X To XI Moving Students üìö| IIT- JEE 2024 | ALK Sir,8:02,https://www.youtube.com/watch?v=Psahl4XvOyA
Quick Revision of Differential Equations | JEE Mathematics | JEE Mains 2022 || Rohit Soni Sir,2:36:45,https://www.youtube.com/watch?v=RFgQO4Rzun8
Quick Revision of Matrix and Determinants || JEE Mathematics || JEE Mains 2022 || Rohit Soni Sir,2:25:12,https://www.youtube.com/watch?v=rAmOQ1eG4io
Focus On What - Main-2nd Session Vs Advanced -22 Vs Drop | Mohit Tyagi Sir,21:05,https://www.youtube.com/watch?v=xy6BOrtJ5vg
JEE Main 2022 Question Paper Solutions | 27th June Shift 2 | Memory Based Questions,28:30,https://www.youtube.com/watch?v=BGO6Y52l2_A
JEE Main 2022 Question Paper Solutions | 27th June Shift 1 | Memory Based Questions,23:17,https://www.youtube.com/watch?v=MrK8n9GIbJg
JEE Main 2022- Question Paper Solutions | Mathematics | 26th June Shift 2 | Memory Based 10 Question,28:34,https://www.youtube.com/watch?v=gISVaRERbtM
üò± Easiest Questions in JEE Mains 2022 (27-JUNE- Shift-1)// (16 MARKS in 4 MINUTES),3:44,https://www.youtube.com/watch?v=kiku_wVo_l4
üò± Easiest Questions in JEE Mains 2022 (26-JUNE- Shift-1) // #jeemain2022,30:17,https://www.youtube.com/watch?v=kfwdiiPhFsQ
JEE Main 2022- Question Paper Solutions | Mathematics | 25th June Shift 2 | Memory Based 10 Question,30:54,https://www.youtube.com/watch?v=cA22QNFziYo
üò± Easiest Questions in JEE Mains 2022 (25-JUNE- Both Shifts) // #jeemain2022,35:15,https://www.youtube.com/watch?v=pmg45KFDhH4
üò± Easiest Questions in JEE Mains 2022 (24-JUNE- Shift-2)// (40 MARKS in 10 MINUTES),14:49,https://www.youtube.com/watch?v=dJZvFxJAnRA&pp=0gcJCYsJAYcqIYzv
JEE Main 2022- Question Paper Solutions | Physics | 24th June Shift 2 | Memory Based 10 Question,21:36,https://www.youtube.com/watch?v=D6NQ3zoG4ws
üò± Easiest Questions in JEE Mains 2022 (24-JUNE- Shift-1) ||,49:48,https://www.youtube.com/watch?v=YZCvBNU3M-M
Solution of All The Toughest Questions of JEE Main 2021 Physics PYQs- Part-2 | Must Do For Top Ranks,1:41:06,https://www.youtube.com/watch?v=DHUc1O3hHAM
All Important Chemical Tests For Biomolecules | Must Watch Before JEE Main Exam | Quick Revision,37:32,https://www.youtube.com/watch?v=vam2kiYazV8
JEE Main 2022 Admit Card: Explained All IMPORTANT Instructions | Documents To Carry | ABJ Sir,11:17,https://www.youtube.com/watch?v=1nDvfjUl8V8
Solution of All The Toughest Questions of JEE Main 2021 Physics PYQs | Must Do For Top Ranks,1:32:02,https://www.youtube.com/watch?v=v7nMUQ04iwk
Quick Revision of AREA || JEE Mathematics || JEE Mains 2022 || Rohit Soni Sir || Competishun,1:55:15,https://www.youtube.com/watch?v=Qwf0dJTHy4Q
Solution of all the Toughest Questions of JEE Main 2020-21 Chemistry PYQs | Must do for top ranks,1:49:58,https://www.youtube.com/watch?v=Rafx4j2gYL4&pp=0gcJCYsJAYcqIYzv
Quick Revision of DI || JEE Mathematics || JEE Mains 2022 || Rohit Soni Sir || Competishun,2:03:27,https://www.youtube.com/watch?v=2fbasPsS9B8
OFFICE TOUR- Competishun Offline Centre Jaipur || Mohit Tyagi Sir,4:55,https://www.youtube.com/watch?v=TURkmiuffNw
Solution of all the Toughest Questions of JEE Main 2021 Maths PYQs | Must do for top ranks,3:11:15,https://www.youtube.com/watch?v=y69O41XKdak
Chapter sequence for our YouTube students of class 11th| JEE 2024| Jee main 2024| JEE advanced 2024,7:59,https://www.youtube.com/watch?v=rKU2D-ENgFg
Quick Revision of 3D || JEE Mathematics || JEE Mains 2022 || Rohit Soni Sir || Competishun,2:28:17,https://www.youtube.com/watch?v=NOGn-2FSD4c
Inaugural Ceremony of Competishun Offline Centre at Jaipur |,1:15,https://www.youtube.com/watch?v=TZ11GQ_ZzYk
Coaching War: Does It Effect My Selection | Mohit Tyagi,14:14,https://www.youtube.com/watch?v=cMSdEU2BzjQ
How To Study PCM Effectively On Our YouTube Channel |Chapter Sequence For Dropper Students |JEE 2023,9:57,https://www.youtube.com/watch?v=jUF5E7IIdfs
Quick Revision of VECTORS || JEE Mathematics ||  JEE Main 2022 || Rohit Soni Sir || Competishun,1:56:50,https://www.youtube.com/watch?v=QkguQygZeeI
JEE Advanced 2018 Chemistry Solution Paper 1 by Kamesh Sir,1:14:01,https://www.youtube.com/watch?v=VTXtWVcP0C0
JEE Advanced 2019 Chemistry Solutions Paper 2 by Jagveer Sir,1:02:59,https://www.youtube.com/watch?v=Bf4ioMCZjRU
JEE Advanced 2018 Maths Solutions Paper 2 by Rohit Soni Sir,2:41:40,https://www.youtube.com/watch?v=-YtEOvxDLjI
JEE Advanced 2019 Chemistry Solutions Paper 1 by Jagveer Sir,53:07,https://www.youtube.com/watch?v=zHXLROmjuao
Boards Over!- What To Do Now? How To Effectively Plan For The Remaining Time | Mohit Tyagi Sir,13:34,https://www.youtube.com/watch?v=SUvIeeKJ2Bk
How To Utilize Last 15 Days JEE Main 2022 | JEE Main Last 15 Days Strategy|Important Tips By ALK Sir,9:05,https://www.youtube.com/watch?v=5h7gChb2Mrw
JEE Advanced 2018 Maths Solutions Paper 1 by Rohit Soni Sir,2:08:33,https://www.youtube.com/watch?v=bmZDNyef5Ag
üöÄ Last 15 Days Strategy For JEE Mains | ü§î What To Do  In Last 15 Days | ABJ Sir,19:34,https://www.youtube.com/watch?v=m1V3CmSq13Q
How To Start Class 11?  Everything You Need To Know || A Complete Roadmap || ABJ Sir,26:53,https://www.youtube.com/watch?v=X_cIWUAcBak
JEE Advanced 2019 Maths Solution Paper 2 by Rohit Soni Sir,3:07:28,https://www.youtube.com/watch?v=YBfp4C5MjHk&pp=0gcJCYsJAYcqIYzv
Should I Take Drop For JEE 2023- How To Decide? How To Crack JEE 2023 in One Year | Mohit Tyagi Sir,39:04,https://www.youtube.com/watch?v=xFE_vzjz_UQ
KVPY 2021 -22 | PHYSICS Solutions | SA Stream | Competishun,1:08:54,https://www.youtube.com/watch?v=6lKeTVcV184
JEE Advanced 2019 Maths Solution Paper 1 by Rohit Soni Sir,2:26:34,https://www.youtube.com/watch?v=KiNKDJ_dnfg
KVPY 2021 -22 | PHYSICS Solutions | SX Stream | Competishun,1:50:40,https://www.youtube.com/watch?v=rtjJYhAuRjA
KVPY 2021 -22 | MATHEMATICS Solutions | SX Stream | Competishun,2:18:07,https://www.youtube.com/watch?v=JLmbwtgpxYc
JEE OR BOARDS- Which To Focus on? || 11th To 12th Moving Students || JEE Main 2023/24,25:41,https://www.youtube.com/watch?v=h4pWZJCHGKY
KVPY 2021 -22 | BIOLOGY Solutions | SA Stream | Competishun,52:09,https://www.youtube.com/watch?v=BzwTCVjC_6I
How To Fill IISER Application Form 2022 | IISER Application Form 2022 | IAT Exam 2022 Registration,6:10,https://www.youtube.com/watch?v=Jt8JnL_PB3E
KVPY 2021 -22 | Chemistry Solutions | SX Stream | Competishun,39:51,https://www.youtube.com/watch?v=vWuhKg7YEFw
KVPY 2021 -22 | Mathematics Solutions | SA Stream | Competishun,1:28:17,https://www.youtube.com/watch?v=CJAiiPK-dSc
KVPY 2021 -22 | Chemistry Solutions | SA Stream | Competishun,29:42,https://www.youtube.com/watch?v=vEpJ34-3-OE
üî•üî• Celebrating 2 Years of Success ||ü•≥üéä Team Competishun || üéÇüéâ2nd Foundation Day ||,4:52,https://www.youtube.com/watch?v=OWjd6SRTADE
üî•üî•üî• Competishun Offline Classes at Jaipur || Important Announcement For All JEE/NEET Aspirants,40:48,https://www.youtube.com/watch?v=SD81gK5QSvo
KVPY SX/SB 2018 Mathematics solution by Rohit Soni Sir | KVPY 2022 | Competishun| video solution,2:57:20,https://www.youtube.com/watch?v=wB0XaRIc-WQ&pp=0gcJCYsJAYcqIYzv
Watch This If You Are Starting Your JEE 2023 Preparation | BEST Strategy For JEE 2023 | ABJ Sir,19:38,https://www.youtube.com/watch?v=02UAML0glAw
Chapter Sequence of Chemistry For Class 11th | Must Watch Video For JEE 2024 Aspirants | ALK Sir,16:04,https://www.youtube.com/watch?v=nEfokeFnUy0&pp=0gcJCYsJAYcqIYzv
KVPY SA 2019 Mathematics solution by Rohit Soni Sir| KVPY 2022 | Competishun| video solution,1:28:04,https://www.youtube.com/watch?v=26xr2nhozGQ
JEE 2024 Preparation - Do's & Don'ts | Perfect Strategy For 10th To 11th Moving Students|Mohit Tyagi,32:53,https://www.youtube.com/watch?v=nJpRUprQJDw
#9- IDENTIFYING BUFFER SOLUTION | MISCELLANEOUS CONCEPTS | CHEMISTRY | IIT JEE MAIN 2022,9:41,https://www.youtube.com/watch?v=byfMHjkgMhg
KVPY 2022 - Past 5 Year's Paper Analysis | Physics | SX Stream | Competishun,12:50,https://www.youtube.com/watch?v=qQsC1iaulyE
ISI ENTRANCE EXAM 2022 SOLUTION UGB | COMPETISHUN | Paper solution of Indian Statistical Institute |,1:23:47,https://www.youtube.com/watch?v=VoH3Epi5Ses
KVPY 2022- Past 5 Year's Paper Analysis | Mathematics | SX Stream | Competishun,12:34,https://www.youtube.com/watch?v=cbBH_jyy984
KVPY 2022- Past 5 Year's Paper Analysis | Chemistry | SX Stream | Competishun,15:06,https://www.youtube.com/watch?v=mwh4BXfBb30
#8 Cathodic protection | Corrosion Miscellaneous Concepts | Chemistry | JEE Main | JEE Adv,5:48,https://www.youtube.com/watch?v=f9BAV9r0ETY
NTA v/s JAB Latest News- Will There be a very Big difference in Level Of Jee Mains Paper ?,10:24,https://www.youtube.com/watch?v=DAwtWXG3yFQ
ISI ENTRANCE EXAM 2022 SOLUTION UGA | COMPETISHUN | Paper solution of Indian Statistical Institute |,1:49:49,https://www.youtube.com/watch?v=IbRzRagB02w
#7- Interaction energy in intermolecular forces  Chemical Bonding  Miscellaneous concepts  JEE ADV,5:50,https://www.youtube.com/watch?v=VwTq83V6Rao
#6 NUMBER OF p PI p PI AND p PI d PI BONDS  MISCELLANEOUS CONCEPTS  CHEMISTRY JEE ADV NSEC JEE MAIN,16:45,https://www.youtube.com/watch?v=1_hmAIEMg9I
#5 POLYMORPHISM ISOMORPHISM CHEMICAL BONDING MISCELLANEOUS CONCEPTS CHEMISTRY JEE ADV NSEC JEE MAIN,9:10,https://www.youtube.com/watch?v=dPhTcdDcNdc
#4- Aquaregia |  p Block Miscellaneous concepts | Chemistry | JEE ADV | Olympiads| IOQC,12:13,https://www.youtube.com/watch?v=g_AOLyKCMl8
#3 NET RATE OF REACTION  CHEMICAL KINETICS  MISCELLANEOUS CONCEPTS CHEMISTRY IIT ADVANCED NSEC,6:54,https://www.youtube.com/watch?v=K1lzfTmCPOk
Should JEE/NEET aspirants appear in CUET ? CUET 2022 central university entrance test| DU|,8:41,https://www.youtube.com/watch?v=RiBlJqZ7V-o
#2 Dihedral angle in H2O2 | Hydrogen | Miscellaneous concepts | Chemistry  JEE ADV |  Olympiads,3:59,https://www.youtube.com/watch?v=xWgRIOHOYfo
"@CompetishunNEEV Announcement| Pre foundation NTSE, STSE, 9th class, 10th class| Competishun NEEV",7:45,https://www.youtube.com/watch?v=gCBNElGgdvs
#1 DANGLING BOND | UNSATISFIED VALENCE | CHEMICAL BONDING  |MISCELLANEOUS CONCEPTS CHEMISTRY JEE ADV,12:17,https://www.youtube.com/watch?v=PbrI13Q8n6g
WBJEE 2022 Answer key Maths| WBJEE 2022 Maths solutions(Q51-75) | WBJEE 2022 Question paper,1:10:39,https://www.youtube.com/watch?v=Qbva38Or414
WBJEE 2022 Answer key Physics| WBJEE 2022 Physics solutions | WBJEE 2022 Question paper|,2:16:40,https://www.youtube.com/watch?v=dQ3ZI75T8Ps
WBJEE 2022 Answer key Maths| WBJEE 2022 Maths solutions(26-50) | WBJEE 2022 Question paper|Rohit Sir,1:14:24,https://www.youtube.com/watch?v=eNHBtErOfHs
WBJEE 2022 Answer key Maths| WBJEE 2022 Maths solutions(Q1-25) | WBJEE 2022 Question paper,1:20:56,https://www.youtube.com/watch?v=HjiNCCZRp60&pp=0gcJCYsJAYcqIYzv
WBJEE 2022 answer key Chemistry| WBJEE 2022 chemistry solutions | WBJEE 2022 question paper,33:28,https://www.youtube.com/watch?v=qZPlp35Y8lE
How To Fill IMU CET 2022 Application Form | IMU CET Registration 2022 | Indian Maritime University,4:11,https://www.youtube.com/watch?v=E-2bvkw_E7c
IISER Aptitude Test 2022-Complete Information | IAT 2022 | IISER 2022 | ABJ Sir,20:45,https://www.youtube.com/watch?v=5aioqUMfzjI
JEE 2023üéØ: 5 BIG Don'ts For Effective & Result Orientated Preparation | Mohit Tyagi,20:00,https://www.youtube.com/watch?v=i_wAga4LEag
How Should Droppers Prepare For IIT JEE (IN ONE YEAR) | ABJ Sir,19:22,https://www.youtube.com/watch?v=-9XHs-xhGnQ
How To Plan For JEE 2024 | JEE Main 2024 Strategy | NS Sir,18:39,https://www.youtube.com/watch?v=qWvRaJ1V_Sc
